اسم الماركة,وصف مختصر عن الماركة,صورة شعار الماركة,(إختياري) صورة البانر,(Page Title) عنوان صفحة العلامة التجارية,(SEO Page URL) رابط صفحة العلامة التجارية,(Page Description) وصف صفحة العلامة التجارية
ذا سبيريت أوف دبي | ,,,,ذا سبيريت أوف دبي |  - مهووس العطور,ماركة-ذا-سبيريت-أوف-دبي,
دي غابور | ,,,,دي غابور |  - مهووس العطور,ماركة-دي-غابور,
ميزون الهامبرا | ,,,,ميزون الهامبرا |  - مهووس العطور,ماركة-ميزون-الهامبرا,
مارك جاكوبس | ,,,,مارك جاكوبس |  - مهووس العطور,ماركة-مارك-جاكوبس,
سلفاتوري فيراغامو | ,,,,سلفاتوري فيراغامو |  - مهووس العطور,ماركة-سلفاتوري-فيراغامو,
جيبرليز | ,,,,جيبرليز |  - مهووس العطور,ماركة-جيبرليز,
بوديسيا | ,,,,بوديسيا |  - مهووس العطور,ماركة-بوديسيا,
ديزل | ,,,,ديزل |  - مهووس العطور,ماركة-ديزل,
فيرتس | ,,,,فيرتس |  - مهووس العطور,ماركة-فيرتس,
دن هيل | ,,,,دن هيل |  - مهووس العطور,ماركة-دن-هيل,
بولغاري | ,,,,بولغاري |  - مهووس العطور,ماركة-بولغاري,
صمام | ,,,,صمام |  - مهووس العطور,ماركة-صمام,
أورتو باريسي | ,,,,أورتو باريسي |  - مهووس العطور,ماركة-أورتو-باريسي,
لاليك | ,,,,لاليك |  - مهووس العطور,ماركة-لاليك,
أكوا دي بارما | ,,,,أكوا دي بارما |  - مهووس العطور,ماركة-أكوا-دي-بارما,
روشاس | ,,,,روشاس |  - مهووس العطور,ماركة-روشاس,
توس | ,,,,توس |  - مهووس العطور,ماركة-توس,
تيفاني أند كو | ,,,,تيفاني أند كو |  - مهووس العطور,ماركة-تيفاني-أند-كو,
فرانسيس كوركدجيان | ,,,,فرانسيس كوركدجيان |  - مهووس العطور,ماركة-فرانسيس-كوركدجيان,
لانفين | ,,,,لانفين |  - مهووس العطور,ماركة-لانفين,
كوم دي جارسون | ,,,,كوم دي جارسون |  - مهووس العطور,ماركة-كوم-دي-جارسون,
ماسك ميلانو | ,,,,ماسك ميلانو |  - مهووس العطور,ماركة-ماسك-ميلانو,
هوبيجان | ,,,,هوبيجان |  - مهووس العطور,ماركة-هوبيجان,
اكس نيلو | ,,,,اكس نيلو |  - مهووس العطور,ماركة-اكس-نيلو,
لورد أوف هيستوري | ,,,,لورد أوف هيستوري |  - مهووس العطور,ماركة-لورد-أوف-هيستوري,
رامون بيجار | ,,,,رامون بيجار |  - مهووس العطور,ماركة-رامون-بيجار,
لوليتا ليمبيكا | ,,,,لوليتا ليمبيكا |  - مهووس العطور,ماركة-لوليتا-ليمبيكا,
أستروفيل أند ستيلا | ,,,,أستروفيل أند ستيلا |  - مهووس العطور,ماركة-أستروفيل-أند-ستيلا,
فيرساتشي | ,,,,فيرساتشي |  - مهووس العطور,ماركة-فيرساتشي,
فيلهلم بارفيوميري | ,,,,فيلهلم بارفيوميري |  - مهووس العطور,ماركة-فيلهلم-بارفيوميري,
ايت اند بوب | ,,,,ايت اند بوب |  - مهووس العطور,ماركة-ايت-اند-بوب,
فرنش أفينيو | ,,,,فرنش أفينيو |  - مهووس العطور,ماركة-فرنش-أفينيو,
ميزنسير | ,,,,ميزنسير |  - مهووس العطور,ماركة-ميزنسير,
روبيرتو كافالي | ,,,,روبيرتو كافالي |  - مهووس العطور,ماركة-روبيرتو-كافالي,
توم فورد | ,,,,توم فورد |  - مهووس العطور,ماركة-توم-فورد,
سوسبيرو | ,,,,سوسبيرو |  - مهووس العطور,ماركة-سوسبيرو,
مارك أنطوان | ,,,,مارك أنطوان |  - مهووس العطور,ماركة-مارك-أنطوان,
ليكويد ايماجيناير | ,,,,ليكويد ايماجيناير |  - مهووس العطور,ماركة-ليكويد-ايماجيناير,
افينيسانس | ,,,,افينيسانس |  - مهووس العطور,ماركة-افينيسانس,
أمواج | ,,,,أمواج |  - مهووس العطور,ماركة-أمواج,
نسمات نجد | ,,,,نسمات نجد |  - مهووس العطور,ماركة-نسمات-نجد,
مونتال | ,,,,مونتال |  - مهووس العطور,ماركة-مونتال,
كوتش | ,,,,كوتش |  - مهووس العطور,ماركة-كوتش,
بربري | ,,,,بربري |  - مهووس العطور,ماركة-بربري,
ايف سان لوران | ,,,,ايف سان لوران |  - مهووس العطور,ماركة-ايف-سان-لوران,
إس تي ديبون | ,,,,إس تي ديبون |  - مهووس العطور,ماركة-إس-تي-ديبون,
كافالير | ,,,,كافالير |  - مهووس العطور,ماركة-كافالير,
مارفيل | ,,,,مارفيل |  - مهووس العطور,ماركة-مارفيل,
مانسيرا | ,,,,مانسيرا |  - مهووس العطور,ماركة-مانسيرا,
باكو رابان | ,,,,باكو رابان |  - مهووس العطور,ماركة-باكو-رابان,
هيرميس | ,,,,هيرميس |  - مهووس العطور,ماركة-هيرميس,
هورمون باريس | ,,,,هورمون باريس |  - مهووس العطور,ماركة-هورمون-باريس,
لاكوست | ,,,,لاكوست |  - مهووس العطور,ماركة-لاكوست,
جيروبوم | ,,,,جيروبوم |  - مهووس العطور,ماركة-جيروبوم,
اشر | ,,,,اشر |  - مهووس العطور,ماركة-اشر,
فيكتور آند رولف | ,,,,فيكتور آند رولف |  - مهووس العطور,ماركة-فيكتور-آند-رولف,
لورينزو بازاجليا | ,,,,لورينزو بازاجليا |  - مهووس العطور,ماركة-لورينزو-بازاجليا,
بارادايس دي سانس | ,,,,بارادايس دي سانس |  - مهووس العطور,ماركة-بارادايس-دي-سانس,
إيسي مياكي | ,,,,إيسي مياكي |  - مهووس العطور,ماركة-إيسي-مياكي,
هالوين | ,,,,هالوين |  - مهووس العطور,ماركة-هالوين,
كاريرا | ,,,,كاريرا |  - مهووس العطور,ماركة-كاريرا,
كلر مي | ,,,,كلر مي |  - مهووس العطور,ماركة-كلر-مي,
بوتيغا فينيتا | ,,,,بوتيغا فينيتا |  - مهووس العطور,ماركة-بوتيغا-فينيتا,
امبريل | ,,,,امبريل |  - مهووس العطور,ماركة-امبريل,
ايكو | ,,,,ايكو |  - مهووس العطور,ماركة-ايكو,
ديبتيك | ,,,,ديبتيك |  - مهووس العطور,ماركة-ديبتيك,
ماتير بريمير | ,,,,ماتير بريمير |  - مهووس العطور,ماركة-ماتير-بريمير,
اسينزا | ,,,,اسينزا |  - مهووس العطور,ماركة-اسينزا,
فالنتينو | ,,,,فالنتينو |  - مهووس العطور,ماركة-فالنتينو,
لابراتوريو أولفاتيفو | ,,,,لابراتوريو أولفاتيفو |  - مهووس العطور,ماركة-لابراتوريو-أولفاتيفو,
جيفنشي | ,,,,جيفنشي |  - مهووس العطور,ماركة-جيفنشي,
مايتر بارفومير إيه غونتييه | ,,,,مايتر بارفومير إيه غونتييه |  - مهووس العطور,ماركة-مايتر-بارفومير-إيه-غونتييه,
شوبارد | ,,,,شوبارد |  - مهووس العطور,ماركة-شوبارد,
نوتيكا | ,,,,نوتيكا |  - مهووس العطور,ماركة-نوتيكا,
ماك | ,,,,ماك |  - مهووس العطور,ماركة-ماك,
كارل لاغرفيلد | ,,,,كارل لاغرفيلد |  - مهووس العطور,ماركة-كارل-لاغرفيلد,
جان لويس شرير | ,,,,جان لويس شرير |  - مهووس العطور,ماركة-جان-لويس-شرير,
فلا | ,,,,فلا |  - مهووس العطور,ماركة-فلا,
كالفن كلاين | ,,,,كالفن كلاين |  - مهووس العطور,ماركة-كالفن-كلاين,
سيجنتشر | ,,,,سيجنتشر |  - مهووس العطور,ماركة-سيجنتشر,
كايالي | ,,,,كايالي |  - مهووس العطور,ماركة-كايالي,
روجا دوف | ,,,,روجا دوف |  - مهووس العطور,ماركة-روجا-دوف,
بيB96 | ,,,,بيB96 |  - مهووس العطور,ماركة-بيB96,
برادا | ,,,,برادا |  - مهووس العطور,ماركة-برادا,
كلوي | ,,,,كلوي |  - مهووس العطور,ماركة-كلوي,
باكوما | ,,,,باكوما |  - مهووس العطور,ماركة-باكوما,
روس & روس | ,,,,روس & روس |  - مهووس العطور,ماركة-روس-&-روس,
اليابا | ,,,,اليابا |  - مهووس العطور,ماركة-اليابا,
جيمي شو | ,,,,جيمي شو |  - مهووس العطور,ماركة-جيمي-شو,
ميو ميو | ,,,,ميو ميو |  - مهووس العطور,ماركة-ميو-ميو,
توم داكسون | ,,,,توم داكسون |  - مهووس العطور,ماركة-توم-داكسون,
شانيل | ,,,,شانيل |  - مهووس العطور,ماركة-شانيل,
ديور | ,,,,ديور |  - مهووس العطور,ماركة-ديور,
إيتات ليبر دي أورانج | ,,,,إيتات ليبر دي أورانج |  - مهووس العطور,ماركة-إيتات-ليبر-دي-أورانج,
دون | ,,,,دون |  - مهووس العطور,ماركة-دون,
نيشاني | ,,,,نيشاني |  - مهووس العطور,ماركة-نيشاني,
بوليس | ,,,,بوليس |  - مهووس العطور,ماركة-بوليس,
مونت بلان | ,,,,مونت بلان |  - مهووس العطور,ماركة-مونت-بلان,
رصاصي | ,,,,رصاصي |  - مهووس العطور,ماركة-رصاصي,
لورينزو فيلوريزي | ,,,,لورينزو فيلوريزي |  - مهووس العطور,ماركة-لورينزو-فيلوريزي,
موسكينو | ,,,,موسكينو |  - مهووس العطور,ماركة-موسكينو,
نيكولاي | ,,,,نيكولاي |  - مهووس العطور,ماركة-نيكولاي,
نارسيسو | ,,,,نارسيسو |  - مهووس العطور,ماركة-نارسيسو,
لويس فويتون | ,,,,لويس فويتون |  - مهووس العطور,ماركة-لويس-فويتون,
كريستيان لوبوتان | ,,,,كريستيان لوبوتان |  - مهووس العطور,ماركة-كريستيان-لوبوتان,
نارس | ,,,,نارس |  - مهووس العطور,ماركة-نارس,
كارولينا هيريرا | ,,,,كارولينا هيريرا |  - مهووس العطور,ماركة-كارولينا-هيريرا,
احمد المغربي | ,,,,احمد المغربي |  - مهووس العطور,ماركة-احمد-المغربي,
افنان | ,,,,افنان |  - مهووس العطور,ماركة-افنان,
اتيليه فلو | ,,,,اتيليه فلو |  - مهووس العطور,ماركة-اتيليه-فلو,
إيلي صعب | ,,,,إيلي صعب |  - مهووس العطور,ماركة-إيلي-صعب,
جاكومو | ,,,,جاكومو |  - مهووس العطور,ماركة-جاكومو,
كورلوف | ,,,,كورلوف |  - مهووس العطور,ماركة-كورلوف,
جان بول غولتير | ,,,,جان بول غولتير |  - مهووس العطور,ماركة-جان-بول-غولتير,
روسيندو ماتيو | ,,,,روسيندو ماتيو |  - مهووس العطور,ماركة-روسيندو-ماتيو,
زيرجوف | ,,,,زيرجوف |  - مهووس العطور,ماركة-زيرجوف,
إسكادا | ,,,,إسكادا |  - مهووس العطور,ماركة-إسكادا,
ثامين | ,,,,ثامين |  - مهووس العطور,ماركة-ثامين,
كيليان | ,,,,كيليان |  - مهووس العطور,ماركة-كيليان,
مارلي | ,,,,مارلي |  - مهووس العطور,ماركة-مارلي,
عمان لكجري | ,,,,عمان لكجري |  - مهووس العطور,ماركة-عمان-لكجري,
عساف | ,,,,عساف |  - مهووس العطور,ماركة-عساف,
انيمال | ,,,,انيمال |  - مهووس العطور,ماركة-انيمال,
بي دي كي | ,,,,بي دي كي |  - مهووس العطور,ماركة-بي-دي-كي,
فندي | ,,,,فندي |  - مهووس العطور,ماركة-فندي,
لافيرن | ,,,,لافيرن |  - مهووس العطور,ماركة-لافيرن,
بايريدو | ,,,,بايريدو |  - مهووس العطور,ماركة-بايريدو,
كينزو | ,,,,كينزو |  - مهووس العطور,ماركة-كينزو,
أوسكار دي لارنتا | ,,,,أوسكار دي لارنتا |  - مهووس العطور,ماركة-أوسكار-دي-لارنتا,
ميكس | ,,,,ميكس |  - مهووس العطور,ماركة-ميكس,
سكين1004 | ,,,,سكين1004 |  - مهووس العطور,ماركة-سكين1004,
فرانشيسكا بيانكي | ,,,,فرانشيسكا بيانكي |  - مهووس العطور,ماركة-فرانشيسكا-بيانكي,
مايكل كورس | ,,,,مايكل كورس |  - مهووس العطور,ماركة-مايكل-كورس,
الكتيموس | ,,,,الكتيموس |  - مهووس العطور,ماركة-الكتيموس,
بالمان | ,,,,بالمان |  - مهووس العطور,ماركة-بالمان,
بورن تو ستاند آوت | ,,,,بورن تو ستاند آوت |  - مهووس العطور,ماركة-بورن-تو-ستاند-آوت,
نوبل 1942 | ,,,,نوبل 1942 |  - مهووس العطور,ماركة-نوبل-1942,
بيرغموت | ,,,,بيرغموت |  - مهووس العطور,ماركة-بيرغموت,
إيتيان إينر | ,,,,إيتيان إينر |  - مهووس العطور,ماركة-إيتيان-إينر,
كارنر برشلونة | ,,,,كارنر برشلونة |  - مهووس العطور,ماركة-كارنر-برشلونة,
إستي لودر | ,,,,إستي لودر |  - مهووس العطور,ماركة-إستي-لودر,
جيرلان | ,,,,جيرلان |  - مهووس العطور,ماركة-جيرلان,
بوشرون | ,,,,بوشرون |  - مهووس العطور,ماركة-بوشرون,
ديفيد والتر | ,,,,ديفيد والتر |  - مهووس العطور,ماركة-ديفيد-والتر,
لابيرلا | ,,,,لابيرلا |  - مهووس العطور,ماركة-لابيرلا,
سيرج لوتنس | ,,,,سيرج لوتنس |  - مهووس العطور,ماركة-سيرج-لوتنس,
قوتشي | ,,,,قوتشي |  - مهووس العطور,ماركة-قوتشي,
جيس | ,,,,جيس |  - مهووس العطور,ماركة-جيس,
ستيلا ماكارتني | ,,,,ستيلا ماكارتني |  - مهووس العطور,ماركة-ستيلا-ماكارتني,
كريد | ,,,,كريد |  - مهووس العطور,ماركة-كريد,
فلوريس | ,,,,فلوريس |  - مهووس العطور,ماركة-فلوريس,
هوغو بوس | ,,,,هوغو بوس |  - مهووس العطور,ماركة-هوغو-بوس,
لي لابو | ,,,,لي لابو |  - مهووس العطور,ماركة-لي-لابو,
تارت | ,,,,تارت |  - مهووس العطور,ماركة-تارت,
بيبي | ,,,,بيبي |  - مهووس العطور,ماركة-بيبي,
بروت | ,,,,بروت |  - مهووس العطور,ماركة-بروت,
ميمو باريس | ,,,,ميمو باريس |  - مهووس العطور,ماركة-ميمو-باريس,
فيراري | ,,,,فيراري |  - مهووس العطور,ماركة-فيراري,
مودرن امورست | ,,,,مودرن امورست |  - مهووس العطور,ماركة-مودرن-امورست,
سيريكو | ,,,,سيريكو |  - مهووس العطور,ماركة-سيريكو,
ستيفانو | ,,,,ستيفانو |  - مهووس العطور,ماركة-ستيفانو,
مارينا | ,,,,مارينا |  - مهووس العطور,ماركة-مارينا,
ترساردي | ,,,,ترساردي |  - مهووس العطور,ماركة-ترساردي,
كارتييه | ,,,,كارتييه |  - مهووس العطور,ماركة-كارتييه,
جورجيو | ,,,,جورجيو |  - مهووس العطور,ماركة-جورجيو,
انيشيو | ,,,,انيشيو |  - مهووس العطور,ماركة-انيشيو,
بون 100 | ,,,,بون 100 |  - مهووس العطور,ماركة-بون-100,
ذا وودز | ,,,,ذا وودز |  - مهووس العطور,ماركة-ذا-وودز,
ماندرينا داك | ,,,,ماندرينا داك |  - مهووس العطور,ماركة-ماندرينا-داك,
شيفاز | ,,,,شيفاز |  - مهووس العطور,ماركة-شيفاز,
لافندر | ,,,,لافندر |  - مهووس العطور,ماركة-لافندر,
جاكوار | ,,,,جاكوار |  - مهووس العطور,ماركة-جاكوار,
فانسي | ,,,,فانسي |  - مهووس العطور,ماركة-فانسي,
الجنسو | ,,,,الجنسو |  - مهووس العطور,ماركة-الجنسو,
فرانك أوليفر | ,,,,فرانك أوليفر |  - مهووس العطور,ماركة-فرانك-أوليفر,
يونيك | ,,,,يونيك |  - مهووس العطور,ماركة-يونيك,
نكس | ,,,,نكس |  - مهووس العطور,ماركة-نكس,
فراجرانس دو بوا | ,,,,فراجرانس دو بوا |  - مهووس العطور,ماركة-فراجرانس-دو-بوا,
انجلوت | ,,,,انجلوت |  - مهووس العطور,ماركة-انجلوت,
ريف | ,,,,ريف |  - مهووس العطور,ماركة-ريف,
دافيدوف | ,,,,دافيدوف |  - مهووس العطور,ماركة-دافيدوف,
الغبرا | ,,,,الغبرا |  - مهووس العطور,ماركة-الغبرا,
جيمس بوند 007 | ,,,,جيمس بوند 007 |  - مهووس العطور,ماركة-جيمس-بوند-007,
بريوني | ,,,,بريوني |  - مهووس العطور,ماركة-بريوني,
بيلي آيلش | ,,,,بيلي آيلش |  - مهووس العطور,ماركة-بيلي-آيلش,
فريدريك مال | ,,,,فريدريك مال |  - مهووس العطور,ماركة-فريدريك-مال,
نمبر 4711 | ,,,,نمبر 4711 |  - مهووس العطور,ماركة-نمبر-4711,
ايسينشيال بيرفيوم | ,,,,ايسينشيال بيرفيوم |  - مهووس العطور,ماركة-ايسينشيال-بيرفيوم,
ارموند جين | ,,,,ارموند جين |  - مهووس العطور,ماركة-ارموند-جين,
سَن سيت كافيه | ,,,,سَن سيت كافيه |  - مهووس العطور,ماركة-سَن-سيت-كافيه,
سينتولوجيا | ,,,,سينتولوجيا |  - مهووس العطور,ماركة-سينتولوجيا,
أتكينسونس | ,,,,أتكينسونس |  - مهووس العطور,ماركة-أتكينسونس,
بنهاليغونز | ,,,,بنهاليغونز |  - مهووس العطور,ماركة-بنهاليغونز,
ألفريد ريتشي | ,,,,ألفريد ريتشي |  - مهووس العطور,ماركة-ألفريد-ريتشي,
لطافة | ,,,,لطافة |  - مهووس العطور,ماركة-لطافة,
كاشريل | ,,,,كاشريل |  - مهووس العطور,ماركة-كاشريل,
عطور سدرة | ,,,,عطور سدرة |  - مهووس العطور,ماركة-عطور-سدرة,
بون بارفومير | ,,,,بون بارفومير |  - مهووس العطور,ماركة-بون-بارفومير,
موبوسان | ,,,,موبوسان |  - مهووس العطور,ماركة-موبوسان,
كوستوم ناشونال | ,,,,كوستوم ناشونال |  - مهووس العطور,ماركة-كوستوم-ناشونال,
ايليت | ,,,,ايليت |  - مهووس العطور,ماركة-ايليت,
جو مالون | ,,,,جو مالون |  - مهووس العطور,ماركة-جو-مالون,
قيس | ,,,,قيس |  - مهووس العطور,ماركة-قيس,
مرسيدس-بنز | ,,,,مرسيدس-بنز |  - مهووس العطور,ماركة-مرسيدس-بنز,
إكسوما بارفيومز | ,,,,إكسوما بارفيومز |  - مهووس العطور,ماركة-إكسوما-بارفيومز,
بيري إليس | ,,,,بيري إليس |  - مهووس العطور,ماركة-بيري-إليس,
نيكوس | ,,,,نيكوس |  - مهووس العطور,ماركة-نيكوس,
فيكتوريا سيكرت | ,,,,فيكتوريا سيكرت |  - مهووس العطور,ماركة-فيكتوريا-سيكرت,
دولتشي غابانا | ,,,,دولتشي غابانا |  - مهووس العطور,ماركة-دولتشي-غابانا,
تومي هيلفيغر | ,,,,تومي هيلفيغر |  - مهووس العطور,ماركة-تومي-هيلفيغر,
تيزيانا تيرنزي | ,,,,تيزيانا تيرنزي |  - مهووس العطور,ماركة-تيزيانا-تيرنزي,
رالف لورين | ,,,,رالف لورين |  - مهووس العطور,ماركة-رالف-لورين,
لانكوم | ,,,,لانكوم |  - مهووس العطور,ماركة-لانكوم,
امور عود | ,,,,امور عود |  - مهووس العطور,ماركة-امور-عود,
بورديل بارفيوم | ,,,,بورديل بارفيوم |  - مهووس العطور,ماركة-بورديل-بارفيوم,
كارون | ,,,,كارون |  - مهووس العطور,ماركة-كارون,
ميزون كريفلي | ,,,,ميزون كريفلي |  - مهووس العطور,ماركة-ميزون-كريفلي,
أرمند باسي | ,,,,أرمند باسي |  - مهووس العطور,ماركة-أرمند-باسي,
باش | ,,,,باش |  - مهووس العطور,ماركة-باش,
ذا ميرشنت أوف فينيس | ,,,,ذا ميرشنت أوف فينيس |  - مهووس العطور,ماركة-ذا-ميرشنت-أوف-فينيس,
لويفي | ,,,,لويفي |  - مهووس العطور,ماركة-لويفي,
