بيانات المنتج,,,,,,,,,,,,,,,,,,,,,,,,,,,,,,,,,,,,,,,
النوع ,أسم المنتج,تصنيف المنتج,صورة المنتج,وصف صورة المنتج,نوع المنتج,سعر المنتج,الوصف,هل يتطلب شحن؟,رمز المنتج sku,سعر التكلفة,السعر المخفض,تاريخ بداية التخفيض,تاريخ نهاية التخفيض,اقصي كمية لكل عميل,إخفاء خيار تحديد الكمية,اضافة صورة عند الطلب,الوزن,وحدة الوزن,الماركة,العنوان الترويجي,تثبيت المنتج,الباركود,السعرات الحرارية,MPN,GTIN,خاضع للضريبة ؟,سبب عدم الخضوع للضريبة,[1] الاسم,[1] النوع,[1] القيمة,[1] الصورة / اللون,[2] الاسم,[2] النوع,[2] القيمة,[2] الصورة / اللون,[3] الاسم,[3] النوع,[3] القيمة,[3] الصورة / اللون
منتج,جاميز مكمل غذائي لنقص الوزن بنكهة خل التفاح الطبيعي من نيوتري في - 60 قطعة,العطور,,جاميز مكمل غذائي لنقص الوزن بنكهة خل التفاح الطبيعي من نيوتري في - 60 قطعة,منتج جاهز,,,نعم,,,,,,,,,0.5,kg, | ,جاميز مكمل غذائي لنقص الوزن بنكهة خل التفاح الطبيعي من نيوتري في - 60 قطعة |  |  - مهووس العطور,,,,,,نعم,,,,,,,,,,,,,
منتج,"بيوتين, حلوى جاميز, مكمل غذائي, للشعر والصحة, بنكهة التوت, 60حبة",العطور,,"بيوتين, حلوى جاميز, مكمل غذائي, للشعر والصحة, بنكهة التوت, 60حبة",منتج جاهز,,,نعم,,,,,,,,,0.5,kg, | ,"بيوتين, حلوى جاميز, مكمل غذائي, للشعر والصحة, بنكهة التوت, 60حبة |  |  - مهووس العطور",,,,,,نعم,,,,,,,,,,,,,
منتج,كريم أساس اير مات من بورجوا - 03 لايت بيج,العطور,,كريم أساس اير مات من بورجوا - 03 لايت بيج,منتج جاهز,,,نعم,,,,,,,,,0.5,kg, | ,كريم أساس اير مات من بورجوا - 03 لايت بيج |  |  - مهووس العطور,,,,,,نعم,,,,,,,,,,,,,
منتج,فرينش افينيو ليكويد برون ليميتد اديشن او دو برفيوم 150مل,العطور,,فرينش افينيو ليكويد برون ليميتد اديشن او دو برفيوم 150مل,منتج جاهز,,,نعم,,,,,,,,,0.5,kg, | ,فرينش افينيو ليكويد برون ليميتد اديشن او دو برفيوم 150مل |  |  - مهووس العطور,,,,,,نعم,,,,,,,,,,,,,
منتج,توبيريوس نو من توم فورد أو دو برفوم (للجنسين) 30مل,العطور,,توبيريوس نو من توم فورد أو دو برفوم (للجنسين) 30مل,منتج جاهز,,,نعم,,,,,,,,,0.5,kg, | ,توبيريوس نو من توم فورد أو دو برفوم (للجنسين) 30مل |  |  - مهووس العطور,,,,,,نعم,,,,,,,,,,,,,
منتج,عطر روز بريك من توم فرود اودي بارفيوم30مل,العطور,,عطر روز بريك من توم فرود اودي بارفيوم30مل,منتج جاهز,,,نعم,,,,,,,,,0.5,kg, | ,عطر روز بريك من توم فرود اودي بارفيوم30مل |  |  - مهووس العطور,,,,,,نعم,,,,,,,,,,,,,
منتج,توم فورد وايت سويدي اي دي بيرفيوم للنساء 30 مل,العطور,,توم فورد وايت سويدي اي دي بيرفيوم للنساء 30 مل,منتج جاهز,,,نعم,,,,,,,,,0.5,kg, | ,توم فورد وايت سويدي اي دي بيرفيوم للنساء 30 مل |  |  - مهووس العطور,,,,,,نعم,,,,,,,,,,,,,
منتج,ماسكرا تكثيف وتطويل الرموش من لوكا - 7جرام | 01 Dark Black,العطور,,ماسكرا تكثيف وتطويل الرموش من لوكا - 7جرام | 01 Dark Black,منتج جاهز,,,نعم,,,,,,,,,0.5,kg, | ,ماسكرا تكثيف وتطويل الرموش من لوكا - 7جرام | 01 Dark Black |  |  - مهووس العطور,,,,,,نعم,,,,,,,,,,,,,
منتج,عطر سولاي نيج أو دو بارفان,العطور,,عطر سولاي نيج أو دو بارفان,منتج جاهز,,,نعم,,,,,,,,,0.5,kg, | ,عطر سولاي نيج أو دو بارفان |  |  - مهووس العطور,,,,,,نعم,,,,,,,,,,,,,
منتج,عينة عطر ستاردست مسك من دي جابور اكستريت دو بارفيوم,العطور,,عينة عطر ستاردست مسك من دي جابور اكستريت دو بارفيوم,منتج جاهز,,,نعم,,,,,,,,,0.5,kg, | ,عينة عطر ستاردست مسك من دي جابور اكستريت دو بارفيوم |  |  - مهووس العطور,,,,,,نعم,,,,,,,,,,,,,
منتج,عينة عطر جيشا ديفا من دي جابور اكستريت دي بارفيوم,العطور,,عينة عطر جيشا ديفا من دي جابور اكستريت دي بارفيوم,منتج جاهز,,,نعم,,,,,,,,,0.5,kg, | ,عينة عطر جيشا ديفا من دي جابور اكستريت دي بارفيوم |  |  - مهووس العطور,,,,,,نعم,,,,,,,,,,,,,
منتج,عينة عطر كلكوز فلورز لي اروجينال,العطور,,عينة عطر كلكوز فلورز لي اروجينال,منتج جاهز,,,نعم,,,,,,,,,0.5,kg, | ,عينة عطر كلكوز فلورز لي اروجينال |  |  - مهووس العطور,,,,,,نعم,,,,,,,,,,,,,
منتج,عينة عطر روز دو ديزيرتاو من هوبيجان دو بارفيوم,العطور,,عينة عطر روز دو ديزيرتاو من هوبيجان دو بارفيوم,منتج جاهز,,,نعم,,,,,,,,,0.5,kg, | ,عينة عطر روز دو ديزيرتاو من هوبيجان دو بارفيوم |  |  - مهووس العطور,,,,,,نعم,,,,,,,,,,,,,
منتج,عينة عطر هوبيجانت باريس توباك نوميد,العطور,,عينة عطر هوبيجانت باريس توباك نوميد,منتج جاهز,,,نعم,,,,,,,,,0.5,kg, | ,عينة عطر هوبيجانت باريس توباك نوميد |  |  - مهووس العطور,,,,,,نعم,,,,,,,,,,,,,
منتج,عينة عطر دارلينج من دي غابور بارفيوم,العطور,,عينة عطر دارلينج من دي غابور بارفيوم,منتج جاهز,,,نعم,,,,,,,,,0.5,kg, | ,عينة عطر دارلينج من دي غابور بارفيوم |  |  - مهووس العطور,,,,,,نعم,,,,,,,,,,,,,
منتج,عطر مستخلص عطر العود النبطي50مل,العطور,,عطر مستخلص عطر العود النبطي50مل,منتج جاهز,,,نعم,,,,,,,,,0.5,kg, | ,عطر مستخلص عطر العود النبطي50مل |  |  - مهووس العطور,,,,,,نعم,,,,,,,,,,,,,
منتج,هيستوار دي بارفيومز 7753 او دي بارفان 120 مل,العطور,,هيستوار دي بارفيومز 7753 او دي بارفان 120 مل,منتج جاهز,,,نعم,,,,,,,,,0.5,kg, | ,هيستوار دي بارفيومز 7753 او دي بارفان 120 مل |  |  - مهووس العطور,,,,,,نعم,,,,,,,,,,,,,
منتج,تاريخ العطور 1876- 120مل,العطور,,تاريخ العطور 1876- 120مل,منتج جاهز,,,نعم,,,,,,,,,0.5,kg, | ,تاريخ العطور 1876- 120مل |  |  - مهووس العطور,,,,,,نعم,,,,,,,,,,,,,
منتج,عطر هستريوس ذز از نوت بلو بوتل 1/7 60مل,العطور,,عطر هستريوس ذز از نوت بلو بوتل 1/7 60مل,منتج جاهز,,,نعم,,,,,,,,,0.5,kg, | ,عطر هستريوس ذز از نوت بلو بوتل 1/7 60مل |  |  - مهووس العطور,,,,,,نعم,,,,,,,,,,,,,
منتج,عطر مون سانتال 50ملAstrophil & Stella Mon Santal Extrait de Parfum,العطور,,عطر مون سانتال 50ملAstrophil & Stella Mon Santal Extrait de Parfum,منتج جاهز,,,نعم,,,,,,,,,0.5,kg, | ,عطر مون سانتال 50ملAstrophil & Stella Mon Santal Extrait de Parfum |  |  - مهووس العطور,,,,,,نعم,,,,,,,,,,,,,
منتج,جاميز مكمل غذائي لنقص الوزن بنكهة خل التفاح الطبيعي من نيوتري في - 60 قطعة,العطور,,جاميز مكمل غذائي لنقص الوزن بنكهة خل التفاح الطبيعي من نيوتري في - 60 قطعة,منتج جاهز,,,نعم,,,,,,,,,0.5,kg, | ,جاميز مكمل غذائي لنقص الوزن بنكهة خل التفاح الطبيعي من نيوتري في - 60 قطعة |  |  - مهووس العطور,,,,,,نعم,,,,,,,,,,,,,
منتج,"بيوتين, حلوى جاميز, مكمل غذائي, للشعر والصحة, بنكهة التوت, 60حبة",العطور,,"بيوتين, حلوى جاميز, مكمل غذائي, للشعر والصحة, بنكهة التوت, 60حبة",منتج جاهز,,,نعم,,,,,,,,,0.5,kg, | ,"بيوتين, حلوى جاميز, مكمل غذائي, للشعر والصحة, بنكهة التوت, 60حبة |  |  - مهووس العطور",,,,,,نعم,,,,,,,,,,,,,
منتج,كريم أساس اير مات من بورجوا - 03 لايت بيج,العطور,,كريم أساس اير مات من بورجوا - 03 لايت بيج,منتج جاهز,,,نعم,,,,,,,,,0.5,kg, | ,كريم أساس اير مات من بورجوا - 03 لايت بيج |  |  - مهووس العطور,,,,,,نعم,,,,,,,,,,,,,
منتج,فرينش افينيو ليكويد برون ليميتد اديشن او دو برفيوم 150مل,العطور,,فرينش افينيو ليكويد برون ليميتد اديشن او دو برفيوم 150مل,منتج جاهز,,,نعم,,,,,,,,,0.5,kg, | ,فرينش افينيو ليكويد برون ليميتد اديشن او دو برفيوم 150مل |  |  - مهووس العطور,,,,,,نعم,,,,,,,,,,,,,
منتج,توبيريوس نو من توم فورد أو دو برفوم (للجنسين) 30مل,العطور,,توبيريوس نو من توم فورد أو دو برفوم (للجنسين) 30مل,منتج جاهز,,,نعم,,,,,,,,,0.5,kg, | ,توبيريوس نو من توم فورد أو دو برفوم (للجنسين) 30مل |  |  - مهووس العطور,,,,,,نعم,,,,,,,,,,,,,
منتج,عطر روز بريك من توم فرود اودي بارفيوم30مل,العطور,,عطر روز بريك من توم فرود اودي بارفيوم30مل,منتج جاهز,,,نعم,,,,,,,,,0.5,kg, | ,عطر روز بريك من توم فرود اودي بارفيوم30مل |  |  - مهووس العطور,,,,,,نعم,,,,,,,,,,,,,
منتج,توم فورد وايت سويدي اي دي بيرفيوم للنساء 30 مل,العطور,,توم فورد وايت سويدي اي دي بيرفيوم للنساء 30 مل,منتج جاهز,,,نعم,,,,,,,,,0.5,kg, | ,توم فورد وايت سويدي اي دي بيرفيوم للنساء 30 مل |  |  - مهووس العطور,,,,,,نعم,,,,,,,,,,,,,
منتج,سيفورا ماسكارا سايز اب 14 مل,العطور,,سيفورا ماسكارا سايز اب 14 مل,منتج جاهز,,,نعم,,,,,,,,,0.5,kg, | ,سيفورا ماسكارا سايز اب 14 مل |  |  - مهووس العطور,,,,,,نعم,,,,,,,,,,,,,
منتج,صبغة كولاج ميكس تون لتلوين الشعر من لاكمي فضي 60مل,العطور,,صبغة كولاج ميكس تون لتلوين الشعر من لاكمي فضي 60مل,منتج جاهز,,,نعم,,,,,,,,,0.5,kg, | ,صبغة كولاج ميكس تون لتلوين الشعر من لاكمي فضي 60مل |  |  - مهووس العطور,,,,,,نعم,,,,,,,,,,,,,
منتج,شامبو بخلاصة حمام الزيت مقوي للشعر بزيوت الخروع واللوز المعالجه من غارنييه الترا دوكس - 600 مل,العطور,,شامبو بخلاصة حمام الزيت مقوي للشعر بزيوت الخروع واللوز المعالجه من غارنييه الترا دوكس - 600 مل,منتج جاهز,,,نعم,,,,,,,,,0.5,kg, | ,شامبو بخلاصة حمام الزيت مقوي للشعر بزيوت الخروع واللوز المعالجه من غارنييه الترا دوكس - 600 مل |  |  - مهووس العطور,,,,,,نعم,,,,,,,,,,,,,
منتج,دوسفارم حلوى منعشة مع فيتامين C و D بنكهة النعناع خالية من السكر - 22 جم,العطور,,دوسفارم حلوى منعشة مع فيتامين C و D بنكهة النعناع خالية من السكر - 22 جم,منتج جاهز,,,نعم,,,,,,,,,0.5,kg, | ,دوسفارم حلوى منعشة مع فيتامين C و D بنكهة النعناع خالية من السكر - 22 جم |  |  - مهووس العطور,,,,,,نعم,,,,,,,,,,,,,
منتج,اضاءة جسم سائلة Moonbeam - كارا بيوتي 01,العطور,,اضاءة جسم سائلة Moonbeam - كارا بيوتي 01,منتج جاهز,,,نعم,,,,,,,,,0.5,kg, | ,اضاءة جسم سائلة Moonbeam - كارا بيوتي 01 |  |  - مهووس العطور,,,,,,نعم,,,,,,,,,,,,,
منتج,فازلين كاكاو شيمر جيلي ستيك بزبدة الكاكاو - 1.4 أونصة,العطور,,فازلين كاكاو شيمر جيلي ستيك بزبدة الكاكاو - 1.4 أونصة,منتج جاهز,,,نعم,,,,,,,,,0.5,kg, | ,فازلين كاكاو شيمر جيلي ستيك بزبدة الكاكاو - 1.4 أونصة |  |  - مهووس العطور,,,,,,نعم,,,,,,,,,,,,,
منتج,دهن يمكث من نمسات نجد NASAMAT NAJD OIL,العطور,,دهن يمكث من نمسات نجد NASAMAT NAJD OIL,منتج جاهز,,,نعم,,,,,,,,,0.5,kg, | ,دهن يمكث من نمسات نجد NASAMAT NAJD OIL |  |  - مهووس العطور,,,,,,نعم,,,,,,,,,,,,,
منتج,عطر سانتا أولاليا أوديسيا او دو بارفيوم 75 مل,العطور,,عطر سانتا أولاليا أوديسيا او دو بارفيوم 75 مل,منتج جاهز,,,نعم,,,,,,,,,0.5,kg, | ,عطر سانتا أولاليا أوديسيا او دو بارفيوم 75 مل |  |  - مهووس العطور,,,,,,نعم,,,,,,,,,,,,,
منتج,عطر سانتا يولاليا 175 أو دي بارفان 75 مل,العطور,,عطر سانتا يولاليا 175 أو دي بارفان 75 مل,منتج جاهز,,,نعم,,,,,,,,,0.5,kg, | ,عطر سانتا يولاليا 175 أو دي بارفان 75 مل |  |  - مهووس العطور,,,,,,نعم,,,,,,,,,,,,,
منتج,عينة عطر سوبليم فانيل من كريد,العطور,,عينة عطر سوبليم فانيل من كريد,منتج جاهز,,,نعم,,,,,,,,,0.5,kg, | ,عينة عطر سوبليم فانيل من كريد |  |  - مهووس العطور,,,,,,نعم,,,,,,,,,,,,,
منتج,بيبر منتس كرات معطرة للفم بالنعناع البارد - 18 كبسوله,العطور,,بيبر منتس كرات معطرة للفم بالنعناع البارد - 18 كبسوله,منتج جاهز,,,نعم,,,,,,,,,0.5,kg, | ,بيبر منتس كرات معطرة للفم بالنعناع البارد - 18 كبسوله |  |  - مهووس العطور,,,,,,نعم,,,,,,,,,,,,,
منتج,سيرافي منظف منعم للبشرة بحمض الساليسيليك - 473مل,العطور,,سيرافي منظف منعم للبشرة بحمض الساليسيليك - 473مل,منتج جاهز,,,نعم,,,,,,,,,0.5,kg, | ,سيرافي منظف منعم للبشرة بحمض الساليسيليك - 473مل |  |  - مهووس العطور,,,,,,نعم,,,,,,,,,,,,,
منتج,تونج معجون تنظيف اللسان بالزنك والنعناع المنعش - 85 جم,العطور,,تونج معجون تنظيف اللسان بالزنك والنعناع المنعش - 85 جم,منتج جاهز,,,نعم,,,,,,,,,0.5,kg, | ,تونج معجون تنظيف اللسان بالزنك والنعناع المنعش - 85 جم |  |  - مهووس العطور,,,,,,نعم,,,,,,,,,,,,,
منتج,ورال-بي خيط تنظيف الأسنان - 50 متر,العطور,,ورال-بي خيط تنظيف الأسنان - 50 متر,منتج جاهز,,,نعم,,,,,,,,,0.5,kg, | ,ورال-بي خيط تنظيف الأسنان - 50 متر |  |  - مهووس العطور,,,,,,نعم,,,,,,,,,,,,,
منتج,أحمر شفاه روج سائل مطفي سنسيشنال من فور إيفر 52,العطور,,أحمر شفاه روج سائل مطفي سنسيشنال من فور إيفر 52,منتج جاهز,,,نعم,,,,,,,,,0.5,kg, | ,أحمر شفاه روج سائل مطفي سنسيشنال من فور إيفر 52 |  |  - مهووس العطور,,,,,,نعم,,,,,,,,,,,,,
منتج,عينة عطر أوبوس 1144 إكستريت من فيليبو سورشينيلي دو بارفان,العطور,,عينة عطر أوبوس 1144 إكستريت من فيليبو سورشينيلي دو بارفان,منتج جاهز,,,نعم,,,,,,,,,0.5,kg, | ,عينة عطر أوبوس 1144 إكستريت من فيليبو سورشينيلي دو بارفان |  |  - مهووس العطور,,,,,,نعم,,,,,,,,,,,,,
منتج,عطر لوبين كوندوتيير - 100 مل - Lubin Condottiere,العطور,,عطر لوبين كوندوتيير - 100 مل - Lubin Condottiere,منتج جاهز,,,نعم,,,,,,,,,0.5,kg, | ,عطر لوبين كوندوتيير - 100 مل - Lubin Condottiere |  |  - مهووس العطور,,,,,,نعم,,,,,,,,,,,,,
منتج,عطر لوبين أبر تن - 100 مل - Lubin Upper Ten,العطور,,عطر لوبين أبر تن - 100 مل - Lubin Upper Ten,منتج جاهز,,,نعم,,,,,,,,,0.5,kg, | ,عطر لوبين أبر تن - 100 مل - Lubin Upper Ten |  |  - مهووس العطور,,,,,,نعم,,,,,,,,,,,,,
منتج,عطر لوبين دايمو - 100 مل - Lubin Daimyo,العطور,,عطر لوبين دايمو - 100 مل - Lubin Daimyo,منتج جاهز,,,نعم,,,,,,,,,0.5,kg, | ,عطر لوبين دايمو - 100 مل - Lubin Daimyo |  |  - مهووس العطور,,,,,,نعم,,,,,,,,,,,,,
منتج,شامبو الارجان المغربي من ارجان ميداس 450مل,العطور,,شامبو الارجان المغربي من ارجان ميداس 450مل,منتج جاهز,,,نعم,,,,,,,,,0.5,kg, | ,شامبو الارجان المغربي من ارجان ميداس 450مل |  |  - مهووس العطور,,,,,,نعم,,,,,,,,,,,,,
منتج,بورجوا أحمر شفاه سائل روج فيلفيت إنك 22,العطور,,بورجوا أحمر شفاه سائل روج فيلفيت إنك 22,منتج جاهز,,,نعم,,,,,,,,,0.5,kg, | ,بورجوا أحمر شفاه سائل روج فيلفيت إنك 22 |  |  - مهووس العطور,,,,,,نعم,,,,,,,,,,,,,
منتج,باليت احمر الخدود - بيبي بينك من هدى ييوتي,العطور,,باليت احمر الخدود - بيبي بينك من هدى ييوتي,منتج جاهز,,,نعم,,,,,,,,,0.5,kg, | ,باليت احمر الخدود - بيبي بينك من هدى ييوتي |  |  - مهووس العطور,,,,,,نعم,,,,,,,,,,,,,
منتج,مجموعة احمر الشفاه للعطلات من سيفورا - 10 قطع,العطور,,مجموعة احمر الشفاه للعطلات من سيفورا - 10 قطع,منتج جاهز,,,نعم,,,,,,,,,0.5,kg, | ,مجموعة احمر الشفاه للعطلات من سيفورا - 10 قطع |  |  - مهووس العطور,,,,,,نعم,,,,,,,,,,,,,
منتج,استشوار مجفف الشعر 1800 واط RE-2068‏ من ريبون,العطور,,استشوار مجفف الشعر 1800 واط RE-2068‏ من ريبون,منتج جاهز,,,نعم,,,,,,,,,0.5,kg, | ,استشوار مجفف الشعر 1800 واط RE-2068‏ من ريبون |  |  - مهووس العطور,,,,,,نعم,,,,,,,,,,,,,
منتج,جهاز تدليك العضلات بقوة 30 واط من ريبون,العطور,,جهاز تدليك العضلات بقوة 30 واط من ريبون,منتج جاهز,,,نعم,,,,,,,,,0.5,kg, | ,جهاز تدليك العضلات بقوة 30 واط من ريبون |  |  - مهووس العطور,,,,,,نعم,,,,,,,,,,,,,
منتج,سيروم هيالوتوين للترطيب المكثف من ايكوال بيري - 30 مل,العطور,,سيروم هيالوتوين للترطيب المكثف من ايكوال بيري - 30 مل,منتج جاهز,,,نعم,,,,,,,,,0.5,kg, | ,سيروم هيالوتوين للترطيب المكثف من ايكوال بيري - 30 مل |  |  - مهووس العطور,,,,,,نعم,,,,,,,,,,,,,
منتج,"ايكوال بيري, سيروم الكولاجين و الببتيدات لشد ونضارة البشرة, 30مل",العطور,,"ايكوال بيري, سيروم الكولاجين و الببتيدات لشد ونضارة البشرة, 30مل",منتج جاهز,,,نعم,,,,,,,,,0.5,kg, | ,"ايكوال بيري, سيروم الكولاجين و الببتيدات لشد ونضارة البشرة, 30مل |  |  - مهووس العطور",,,,,,نعم,,,,,,,,,,,,,
منتج,"بلسم ألترا دوكس بخلاصة زيت الخروع و اللوز المعالج من غارنييه , 360 مل",العطور,,"بلسم ألترا دوكس بخلاصة زيت الخروع و اللوز المعالج من غارنييه , 360 مل",منتج جاهز,,,نعم,,,,,,,,,0.5,kg, | ,"بلسم ألترا دوكس بخلاصة زيت الخروع و اللوز المعالج من غارنييه , 360 مل |  |  - مهووس العطور",,,,,,نعم,,,,,,,,,,,,,
منتج,شنطة يد وكتف جلد نسائي من ستيفانو,العطور,,شنطة يد وكتف جلد نسائي من ستيفانو,منتج جاهز,,,نعم,,,,,,,,,0.5,kg, | ,شنطة يد وكتف جلد نسائي من ستيفانو |  |  - مهووس العطور,,,,,,نعم,,,,,,,,,,,,,
منتج,شنطة جلد مطفي مجعد بقاعدة مسمار نسائي من ستيفانو,العطور,,شنطة جلد مطفي مجعد بقاعدة مسمار نسائي من ستيفانو,منتج جاهز,,,نعم,,,,,,,,,0.5,kg, | ,شنطة جلد مطفي مجعد بقاعدة مسمار نسائي من ستيفانو |  |  - مهووس العطور,,,,,,نعم,,,,,,,,,,,,,
منتج,شنطة جلد مطفي مجعد نسائي من ستيفانو,العطور,,شنطة جلد مطفي مجعد نسائي من ستيفانو,منتج جاهز,,,نعم,,,,,,,,,0.5,kg, | ,شنطة جلد مطفي مجعد نسائي من ستيفانو |  |  - مهووس العطور,,,,,,نعم,,,,,,,,,,,,,
منتج,شنطة جلد مطفي مجعد ناعم نسائي بقاعدة مسمار من ستيفانو,العطور,,شنطة جلد مطفي مجعد ناعم نسائي بقاعدة مسمار من ستيفانو,منتج جاهز,,,نعم,,,,,,,,,0.5,kg, | ,شنطة جلد مطفي مجعد ناعم نسائي بقاعدة مسمار من ستيفانو |  |  - مهووس العطور,,,,,,نعم,,,,,,,,,,,,,
منتج,عينة عطر ايروس فليم من فرزاتشي للرجال - او دو برفيوم,العطور,,عينة عطر ايروس فليم من فرزاتشي للرجال - او دو برفيوم,منتج جاهز,,,نعم,,,,,,,,,0.5,kg, | ,عينة عطر ايروس فليم من فرزاتشي للرجال - او دو برفيوم |  |  - مهووس العطور,,,,,,نعم,,,,,,,,,,,,,
منتج,جهاز مساج وتدليك العضلات بحجم صغير محمول بـ 6 سرعات من ريبون RE-2163,العطور,,جهاز مساج وتدليك العضلات بحجم صغير محمول بـ 6 سرعات من ريبون RE-2163,منتج جاهز,,,نعم,,,,,,,,,0.5,kg, | ,جهاز مساج وتدليك العضلات بحجم صغير محمول بـ 6 سرعات من ريبون RE-2163 |  |  - مهووس العطور,,,,,,نعم,,,,,,,,,,,,,
منتج,بخاخ بروتين الماكا لتنعيم واصلاح الشعر من كارسيل- 200 مل,العطور,,بخاخ بروتين الماكا لتنعيم واصلاح الشعر من كارسيل- 200 مل,منتج جاهز,,,نعم,,,,,,,,,0.5,kg, | ,بخاخ بروتين الماكا لتنعيم واصلاح الشعر من كارسيل- 200 مل |  |  - مهووس العطور,,,,,,نعم,,,,,,,,,,,,,
منتج,زيت جل مرطب للبشرة من جونسون برائحة الزهور المنعشة 200 مل,العطور,,زيت جل مرطب للبشرة من جونسون برائحة الزهور المنعشة 200 مل,منتج جاهز,,,نعم,,,,,,,,,0.5,kg, | ,زيت جل مرطب للبشرة من جونسون برائحة الزهور المنعشة 200 مل |  |  - مهووس العطور,,,,,,نعم,,,,,,,,,,,,,
منتج,عطر وتين رقم 1513 25 مل,العطور,,عطر وتين رقم 1513 25 مل,منتج جاهز,,,نعم,,,,,,,,,0.5,kg, | ,عطر وتين رقم 1513 25 مل |  |  - مهووس العطور,,,,,,نعم,,,,,,,,,,,,,
منتج,بخاخ مزيل عرق بيلا من فرانك اوليفر للنساء 250 مل,العطور,,بخاخ مزيل عرق بيلا من فرانك اوليفر للنساء 250 مل,منتج جاهز,,,نعم,,,,,,,,,0.5,kg, | ,بخاخ مزيل عرق بيلا من فرانك اوليفر للنساء 250 مل |  |  - مهووس العطور,,,,,,نعم,,,,,,,,,,,,,
منتج,بخاخ مزيل عرق وايت تاتش من فرانك اوليفر للنساء 250 مل,العطور,,بخاخ مزيل عرق وايت تاتش من فرانك اوليفر للنساء 250 مل,منتج جاهز,,,نعم,,,,,,,,,0.5,kg, | ,بخاخ مزيل عرق وايت تاتش من فرانك اوليفر للنساء 250 مل |  |  - مهووس العطور,,,,,,نعم,,,,,,,,,,,,,
منتج,بخاخ مزيل عرق للنساء من فرانك اوليفر 250 مل,العطور,,بخاخ مزيل عرق للنساء من فرانك اوليفر 250 مل,منتج جاهز,,,نعم,,,,,,,,,0.5,kg, | ,بخاخ مزيل عرق للنساء من فرانك اوليفر 250 مل |  |  - مهووس العطور,,,,,,نعم,,,,,,,,,,,,,
منتج,بخاخ مزيل عرق بيلا ان باريس للنساء من فرانك اوليفير 250مل,العطور,,بخاخ مزيل عرق بيلا ان باريس للنساء من فرانك اوليفير 250مل,منتج جاهز,,,نعم,,,,,,,,,0.5,kg, | ,بخاخ مزيل عرق بيلا ان باريس للنساء من فرانك اوليفير 250مل |  |  - مهووس العطور,,,,,,نعم,,,,,,,,,,,,,
منتج,بلسم للشعر من فاتيكا للمعالجة والترطيب 400 مل,العطور,,بلسم للشعر من فاتيكا للمعالجة والترطيب 400 مل,منتج جاهز,,,نعم,,,,,,,,,0.5,kg, | ,بلسم للشعر من فاتيكا للمعالجة والترطيب 400 مل |  |  - مهووس العطور,,,,,,نعم,,,,,,,,,,,,,
منتج,مومز باث ليفة التقشير للعناية بمشاكل الجسم قطعة واحدة,العطور,,مومز باث ليفة التقشير للعناية بمشاكل الجسم قطعة واحدة,منتج جاهز,,,نعم,,,,,,,,,0.5,kg, | ,مومز باث ليفة التقشير للعناية بمشاكل الجسم قطعة واحدة |  |  - مهووس العطور,,,,,,نعم,,,,,,,,,,,,,
منتج,شامبو مقوي للشعر بإكليل الجبل والنعناع من ميلي - 355مل,العطور,,شامبو مقوي للشعر بإكليل الجبل والنعناع من ميلي - 355مل,منتج جاهز,,,نعم,,,,,,,,,0.5,kg, | ,شامبو مقوي للشعر بإكليل الجبل والنعناع من ميلي - 355مل |  |  - مهووس العطور,,,,,,نعم,,,,,,,,,,,,,
منتج,عينه عطر فورستا ماجيكا من لورنزو بازاغليا اكستريت,العطور,,عينه عطر فورستا ماجيكا من لورنزو بازاغليا اكستريت,منتج جاهز,,,نعم,,,,,,,,,0.5,kg, | ,عينه عطر فورستا ماجيكا من لورنزو بازاغليا اكستريت |  |  - مهووس العطور,,,,,,نعم,,,,,,,,,,,,,
منتج,عينة عطر نيشاني مانت تو بي سن او دي بارفيوم,العطور,,عينة عطر نيشاني مانت تو بي سن او دي بارفيوم,منتج جاهز,,,نعم,,,,,,,,,0.5,kg, | ,عينة عطر نيشاني مانت تو بي سن او دي بارفيوم |  |  - مهووس العطور,,,,,,نعم,,,,,,,,,,,,,
منتج,عينة عطر خمرة دخان من لطافه أودي بارفيوم للرجال,العطور,,عينة عطر خمرة دخان من لطافه أودي بارفيوم للرجال,منتج جاهز,,,نعم,,,,,,,,,0.5,kg, | ,عينة عطر خمرة دخان من لطافه أودي بارفيوم للرجال |  |  - مهووس العطور,,,,,,نعم,,,,,,,,,,,,,
منتج,عينة عطر كريد ابسولو افينتوس الرجالي او دو بارفيوم 2025,العطور,,عينة عطر كريد ابسولو افينتوس الرجالي او دو بارفيوم 2025,منتج جاهز,,,نعم,,,,,,,,,0.5,kg, | ,عينة عطر كريد ابسولو افينتوس الرجالي او دو بارفيوم 2025 |  |  - مهووس العطور,,,,,,نعم,,,,,,,,,,,,,
منتج,"كريم s88 توتال وايت تفتيح تحت الإبط , 35 جرام",العطور,,"كريم s88 توتال وايت تفتيح تحت الإبط , 35 جرام",منتج جاهز,,,نعم,,,,,,,,,0.5,kg, | ,"كريم s88 توتال وايت تفتيح تحت الإبط , 35 جرام |  |  - مهووس العطور",,,,,,نعم,,,,,,,,,,,,,
منتج,لوشن جلوتا هيا بيرست لتصحيح البقع الداكنة للجسم من فازلين - 200 مل,العطور,,لوشن جلوتا هيا بيرست لتصحيح البقع الداكنة للجسم من فازلين - 200 مل,منتج جاهز,,,نعم,,,,,,,,,0.5,kg, | ,لوشن جلوتا هيا بيرست لتصحيح البقع الداكنة للجسم من فازلين - 200 مل |  |  - مهووس العطور,,,,,,نعم,,,,,,,,,,,,,
منتج,سكالا كريم وبلسم للشعر حيويه ولمعان للشعر المستقيم والمموج - 1000 جرام,العطور,,سكالا كريم وبلسم للشعر حيويه ولمعان للشعر المستقيم والمموج - 1000 جرام,منتج جاهز,,,نعم,,,,,,,,,0.5,kg, | ,سكالا كريم وبلسم للشعر حيويه ولمعان للشعر المستقيم والمموج - 1000 جرام |  |  - مهووس العطور,,,,,,نعم,,,,,,,,,,,,,
منتج,عينة عطر هوغو بوس بوتلد ابسولو بارفيوم انتنس,العطور,,عينة عطر هوغو بوس بوتلد ابسولو بارفيوم انتنس,منتج جاهز,,,نعم,,,,,,,,,0.5,kg, | ,عينة عطر هوغو بوس بوتلد ابسولو بارفيوم انتنس |  |  - مهووس العطور,,,,,,نعم,,,,,,,,,,,,,
منتج,كريم ترطيب البشره من كيو في 1000 جم,العطور,,كريم ترطيب البشره من كيو في 1000 جم,منتج جاهز,,,نعم,,,,,,,,,0.5,kg, | ,كريم ترطيب البشره من كيو في 1000 جم |  |  - مهووس العطور,,,,,,نعم,,,,,,,,,,,,,
منتج,مرطب الشفاه لمعان الخوخ من لابيلو - 4.8 جرام,العطور,,مرطب الشفاه لمعان الخوخ من لابيلو - 4.8 جرام,منتج جاهز,,,نعم,,,,,,,,,0.5,kg, | ,مرطب الشفاه لمعان الخوخ من لابيلو - 4.8 جرام |  |  - مهووس العطور,,,,,,نعم,,,,,,,,,,,,,
منتج,معطر الجسم الفراولة والشمبانيا، 250 مل,العطور,,معطر الجسم الفراولة والشمبانيا، 250 مل,منتج جاهز,,,نعم,,,,,,,,,0.5,kg, | ,معطر الجسم الفراولة والشمبانيا، 250 مل |  |  - مهووس العطور,,,,,,نعم,,,,,,,,,,,,,
منتج,"مرطب شفايف بنكهة البطيخ من لابيلو, 4.8 جرام",العطور,,"مرطب شفايف بنكهة البطيخ من لابيلو, 4.8 جرام",منتج جاهز,,,نعم,,,,,,,,,0.5,kg, | ,"مرطب شفايف بنكهة البطيخ من لابيلو, 4.8 جرام |  |  - مهووس العطور",,,,,,نعم,,,,,,,,,,,,,
منتج,بلسم لنمو الشعر ومنع التساقط والقشرة من ساكورا الياباني - 300 مل,العطور,,بلسم لنمو الشعر ومنع التساقط والقشرة من ساكورا الياباني - 300 مل,منتج جاهز,,,نعم,,,,,,,,,0.5,kg, | ,بلسم لنمو الشعر ومنع التساقط والقشرة من ساكورا الياباني - 300 مل |  |  - مهووس العطور,,,,,,نعم,,,,,,,,,,,,,
منتج,سنتيلا قناع الطين ستيك لتنظيف المسام 27 جرام,العطور,,سنتيلا قناع الطين ستيك لتنظيف المسام 27 جرام,منتج جاهز,,,نعم,,,,,,,,,0.5,kg, | ,سنتيلا قناع الطين ستيك لتنظيف المسام 27 جرام |  |  - مهووس العطور,,,,,,نعم,,,,,,,,,,,,,
منتج,كريم إكسبرت معالج ومرطب مور كيرلز للأطفال من سكالا اكسبرت - 1000 جرام,العطور,,كريم إكسبرت معالج ومرطب مور كيرلز للأطفال من سكالا اكسبرت - 1000 جرام,منتج جاهز,,,نعم,,,,,,,,,0.5,kg, | ,كريم إكسبرت معالج ومرطب مور كيرلز للأطفال من سكالا اكسبرت - 1000 جرام |  |  - مهووس العطور,,,,,,نعم,,,,,,,,,,,,,
منتج,كريم الجسم دولتشي آند غابانا ديفوشن 180 مل,العطور,,كريم الجسم دولتشي آند غابانا ديفوشن 180 مل,منتج جاهز,,,نعم,,,,,,,,,0.5,kg, | ,كريم الجسم دولتشي آند غابانا ديفوشن 180 مل |  |  - مهووس العطور,,,,,,نعم,,,,,,,,,,,,,
منتج,مجموعة الاستكشاف النسائية من ستيفانو 6 × 10 مل,العطور,,مجموعة الاستكشاف النسائية من ستيفانو 6 × 10 مل,منتج جاهز,,,نعم,,,,,,,,,0.5,kg, | ,مجموعة الاستكشاف النسائية من ستيفانو 6 × 10 مل |  |  - مهووس العطور,,,,,,نعم,,,,,,,,,,,,,
منتج,بخاخ حماية الشعر من الحرارة من تريسمي 236مل,العطور,,بخاخ حماية الشعر من الحرارة من تريسمي 236مل,منتج جاهز,,,نعم,,,,,,,,,0.5,kg, | ,بخاخ حماية الشعر من الحرارة من تريسمي 236مل |  |  - مهووس العطور,,,,,,نعم,,,,,,,,,,,,,
منتج,كريم روز يساعد على تنقية البشرة - 25 جم,العطور,,كريم روز يساعد على تنقية البشرة - 25 جم,منتج جاهز,,,نعم,,,,,,,,,0.5,kg, | ,كريم روز يساعد على تنقية البشرة - 25 جم |  |  - مهووس العطور,,,,,,نعم,,,,,,,,,,,,,
منتج,مجموعة الاستكشاف الرجالية من ستيفانو 6 × 10 مل,العطور,,مجموعة الاستكشاف الرجالية من ستيفانو 6 × 10 مل,منتج جاهز,,,نعم,,,,,,,,,0.5,kg, | ,مجموعة الاستكشاف الرجالية من ستيفانو 6 × 10 مل |  |  - مهووس العطور,,,,,,نعم,,,,,,,,,,,,,
منتج,مجموعة كارتير لي بانثير اودي بارفيوم نسائي 75مل + عطر 25 مل + كريم معطر للجسم 200مل + كريم اليدين 40مل,العطور,,مجموعة كارتير لي بانثير اودي بارفيوم نسائي 75مل + عطر 25 مل + كريم معطر للجسم 200مل + كريم اليدين 40مل,منتج جاهز,,,نعم,,,,,,,,,0.5,kg, | ,مجموعة كارتير لي بانثير اودي بارفيوم نسائي 75مل + عطر 25 مل + كريم معطر للجسم 200مل + كريم اليدين 40مل |  |  - مهووس العطور,,,,,,نعم,,,,,,,,,,,,,
منتج,عينة كويلك فلور جاردين سيكريت أو دو بارفان,العطور,,عينة كويلك فلور جاردين سيكريت أو دو بارفان,منتج جاهز,,,نعم,,,,,,,,,0.5,kg, | ,عينة كويلك فلور جاردين سيكريت أو دو بارفان |  |  - مهووس العطور,,,,,,نعم,,,,,,,,,,,,,
منتج,عينة ايسنس رير هوبيجانت باريس,العطور,,عينة ايسنس رير هوبيجانت باريس,منتج جاهز,,,نعم,,,,,,,,,0.5,kg, | ,عينة ايسنس رير هوبيجانت باريس |  |  - مهووس العطور,,,,,,نعم,,,,,,,,,,,,,
منتج,عينة لا بيل سيزون عطر زهري للجنسين,العطور,,عينة لا بيل سيزون عطر زهري للجنسين,منتج جاهز,,,نعم,,,,,,,,,0.5,kg, | ,عينة لا بيل سيزون عطر زهري للجنسين |  |  - مهووس العطور,,,,,,نعم,,,,,,,,,,,,,
منتج,احمر شفاه كريم ليب ستين كلاسيك بيج من سيفورا - 02,العطور,,احمر شفاه كريم ليب ستين كلاسيك بيج من سيفورا - 02,منتج جاهز,,,نعم,,,,,,,,,0.5,kg, | ,احمر شفاه كريم ليب ستين كلاسيك بيج من سيفورا - 02 |  |  - مهووس العطور,,,,,,نعم,,,,,,,,,,,,,
منتج,كريم الترطيب العميق من امبريوليس,العطور,,كريم الترطيب العميق من امبريوليس,منتج جاهز,,,نعم,,,,,,,,,0.5,kg, | ,كريم الترطيب العميق من امبريوليس |  |  - مهووس العطور,,,,,,نعم,,,,,,,,,,,,,
منتج,عطر كافي فراولة اطفال كلاسيك كولكشن 30مل,العطور,,عطر كافي فراولة اطفال كلاسيك كولكشن 30مل,منتج جاهز,,,نعم,,,,,,,,,0.5,kg, | ,عطر كافي فراولة اطفال كلاسيك كولكشن 30مل |  |  - مهووس العطور,,,,,,نعم,,,,,,,,,,,,,
منتج,عينة لورينزو بازاجليا ايسكو بازو اكسترايت دو بارفيوم,العطور,,عينة لورينزو بازاجليا ايسكو بازو اكسترايت دو بارفيوم,منتج جاهز,,,نعم,,,,,,,,,0.5,kg, | ,عينة لورينزو بازاجليا ايسكو بازو اكسترايت دو بارفيوم |  |  - مهووس العطور,,,,,,نعم,,,,,,,,,,,,,
منتج,بانوكسيل غسول كريمي لحب الشباب بنزويل بيروكسيد 4٪ 170ج,العطور,,بانوكسيل غسول كريمي لحب الشباب بنزويل بيروكسيد 4٪ 170ج,منتج جاهز,,,نعم,,,,,,,,,0.5,kg, | ,بانوكسيل غسول كريمي لحب الشباب بنزويل بيروكسيد 4٪ 170ج |  |  - مهووس العطور,,,,,,نعم,,,,,,,,,,,,,
منتج,ريل تكنيكس - مجموعة فرش مكياج العين الاساسية ، 8 فرش,العطور,,ريل تكنيكس - مجموعة فرش مكياج العين الاساسية ، 8 فرش,منتج جاهز,,,نعم,,,,,,,,,0.5,kg, | ,ريل تكنيكس - مجموعة فرش مكياج العين الاساسية ، 8 فرش |  |  - مهووس العطور,,,,,,نعم,,,,,,,,,,,,,
منتج,قناع تقوية الشعر اكليل الجبل والنعناع من ميلي ، 340 جرام,العطور,,قناع تقوية الشعر اكليل الجبل والنعناع من ميلي ، 340 جرام,منتج جاهز,,,نعم,,,,,,,,,0.5,kg, | ,قناع تقوية الشعر اكليل الجبل والنعناع من ميلي ، 340 جرام |  |  - مهووس العطور,,,,,,نعم,,,,,,,,,,,,,
منتج,بودره بنانا حصريFBE002,العطور,,بودره بنانا حصريFBE002,منتج جاهز,,,نعم,,,,,,,,,0.5,kg, | ,بودره بنانا حصريFBE002 |  |  - مهووس العطور,,,,,,نعم,,,,,,,,,,,,,
منتج,عطر ذا مسك من ايسنشال اكسترايت 30مل,العطور,,عطر ذا مسك من ايسنشال اكسترايت 30مل,منتج جاهز,,,نعم,,,,,,,,,0.5,kg, | ,عطر ذا مسك من ايسنشال اكسترايت 30مل |  |  - مهووس العطور,,,,,,نعم,,,,,,,,,,,,,
منتج,عطر جادور إنفينيسيم من كريستيان ديور أو دو بارفان,العطور,,عطر جادور إنفينيسيم من كريستيان ديور أو دو بارفان,منتج جاهز,,,نعم,,,,,,,,,0.5,kg, | ,عطر جادور إنفينيسيم من كريستيان ديور أو دو بارفان |  |  - مهووس العطور,,,,,,نعم,,,,,,,,,,,,,
منتج,عطر جادور بارفوم دو من كريستيان ديور أو دو بارفان خالي من الكحول,العطور,,عطر جادور بارفوم دو من كريستيان ديور أو دو بارفان خالي من الكحول,منتج جاهز,,,نعم,,,,,,,,,0.5,kg, | ,عطر جادور بارفوم دو من كريستيان ديور أو دو بارفان خالي من الكحول |  |  - مهووس العطور,,,,,,نعم,,,,,,,,,,,,,
منتج,عطر توباكلور من كريستيان ديور أو دو بارفان,العطور,,عطر توباكلور من كريستيان ديور أو دو بارفان,منتج جاهز,,,نعم,,,,,,,,,0.5,kg, | ,عطر توباكلور من كريستيان ديور أو دو بارفان |  |  - مهووس العطور,,,,,,نعم,,,,,,,,,,,,,
منتج,عطر لو دو بارفان لومينوز من كلوي للنساء أو دو بارفان,العطور,,عطر لو دو بارفان لومينوز من كلوي للنساء أو دو بارفان,منتج جاهز,,,نعم,,,,,,,,,0.5,kg, | ,عطر لو دو بارفان لومينوز من كلوي للنساء أو دو بارفان |  |  - مهووس العطور,,,,,,نعم,,,,,,,,,,,,,
منتج,عطر ناتوريل من كلوي للنساء أو دو بارفان,العطور,,عطر ناتوريل من كلوي للنساء أو دو بارفان,منتج جاهز,,,نعم,,,,,,,,,0.5,kg, | ,عطر ناتوريل من كلوي للنساء أو دو بارفان |  |  - مهووس العطور,,,,,,نعم,,,,,,,,,,,,,
منتج,عطر نوماد نوي ديجيب من كلوي أو دو بارفان,العطور,,عطر نوماد نوي ديجيب من كلوي أو دو بارفان,منتج جاهز,,,نعم,,,,,,,,,0.5,kg, | ,عطر نوماد نوي ديجيب من كلوي أو دو بارفان |  |  - مهووس العطور,,,,,,نعم,,,,,,,,,,,,,
منتج,عطر أتيليه دي فلور ماغنوليا ألبا من كلوي أو دو بارفان,العطور,,عطر أتيليه دي فلور ماغنوليا ألبا من كلوي أو دو بارفان,منتج جاهز,,,نعم,,,,,,,,,0.5,kg, | ,عطر أتيليه دي فلور ماغنوليا ألبا من كلوي أو دو بارفان |  |  - مهووس العطور,,,,,,نعم,,,,,,,,,,,,,
منتج,عطر بويزون جيرل من كريستيان ديور أو دو تواليت,العطور,,عطر بويزون جيرل من كريستيان ديور أو دو تواليت,منتج جاهز,,,نعم,,,,,,,,,0.5,kg, | ,عطر بويزون جيرل من كريستيان ديور أو دو تواليت |  |  - مهووس العطور,,,,,,نعم,,,,,,,,,,,,,
منتج,واقي شمس سائل بخلاصة شجرة الصنوبر + السيراميد سيول 1988 - من كي سيكرت 50 مل,العطور,,واقي شمس سائل بخلاصة شجرة الصنوبر + السيراميد سيول 1988 - من كي سيكرت 50 مل,منتج جاهز,,,نعم,,,,,,,,,0.5,kg, | ,واقي شمس سائل بخلاصة شجرة الصنوبر + السيراميد سيول 1988 - من كي سيكرت 50 مل |  |  - مهووس العطور,,,,,,نعم,,,,,,,,,,,,,
منتج,جونسون صابون سائل للاستحمام مع خلاصة البابايا - 400 مل,العطور,,جونسون صابون سائل للاستحمام مع خلاصة البابايا - 400 مل,منتج جاهز,,,نعم,,,,,,,,,0.5,kg, | ,جونسون صابون سائل للاستحمام مع خلاصة البابايا - 400 مل |  |  - مهووس العطور,,,,,,نعم,,,,,,,,,,,,,
منتج,بلسم منظف المكياج من كاركتر,العطور,,بلسم منظف المكياج من كاركتر,منتج جاهز,,,نعم,,,,,,,,,0.5,kg, | ,بلسم منظف المكياج من كاركتر |  |  - مهووس العطور,,,,,,نعم,,,,,,,,,,,,,
منتج,جلام لوك ايشادو من كاركتر,العطور,,جلام لوك ايشادو من كاركتر,منتج جاهز,,,نعم,,,,,,,,,0.5,kg, | ,جلام لوك ايشادو من كاركتر |  |  - مهووس العطور,,,,,,نعم,,,,,,,,,,,,,
منتج,آيلاينر تويست أب من كاركتر – TWE001,العطور,,آيلاينر تويست أب من كاركتر – TWE001,منتج جاهز,,,نعم,,,,,,,,,0.5,kg, | ,آيلاينر تويست أب من كاركتر – TWE001 |  |  - مهووس العطور,,,,,,نعم,,,,,,,,,,,,,
منتج,مسكرة الترا لوك لكثافه و تطويل الرموش من كاركتر CUV001,العطور,,مسكرة الترا لوك لكثافه و تطويل الرموش من كاركتر CUV001,منتج جاهز,,,نعم,,,,,,,,,0.5,kg, | ,مسكرة الترا لوك لكثافه و تطويل الرموش من كاركتر CUV001 |  |  - مهووس العطور,,,,,,نعم,,,,,,,,,,,,,
منتج,بلاشر روك ستار من كاركتر,العطور,,بلاشر روك ستار من كاركتر,منتج جاهز,,,نعم,,,,,,,,,0.5,kg, | ,بلاشر روك ستار من كاركتر |  |  - مهووس العطور,,,,,,نعم,,,,,,,,,,,,,
منتج,لوحة ظلال العيون اوشن من كاركتر 28 لون,العطور,,لوحة ظلال العيون اوشن من كاركتر 28 لون,منتج جاهز,,,نعم,,,,,,,,,0.5,kg, | ,لوحة ظلال العيون اوشن من كاركتر 28 لون |  |  - مهووس العطور,,,,,,نعم,,,,,,,,,,,,,
منتج,مسكرة بولد لوك لقوة وحجم مكثف للرموش من كاركتر - 12 مل CBV001,العطور,,مسكرة بولد لوك لقوة وحجم مكثف للرموش من كاركتر - 12 مل CBV001,منتج جاهز,,,نعم,,,,,,,,,0.5,kg, | ,مسكرة بولد لوك لقوة وحجم مكثف للرموش من كاركتر - 12 مل CBV001 |  |  - مهووس العطور,,,,,,نعم,,,,,,,,,,,,,
منتج,مقوي للأظافر من كاركترCNI003,العطور,,مقوي للأظافر من كاركترCNI003,منتج جاهز,,,نعم,,,,,,,,,0.5,kg, | ,مقوي للأظافر من كاركترCNI003 |  |  - مهووس العطور,,,,,,نعم,,,,,,,,,,,,,
منتج,آيلاينر دريمر من كاركتر - C801,العطور,,آيلاينر دريمر من كاركتر - C801,منتج جاهز,,,نعم,,,,,,,,,0.5,kg, | ,آيلاينر دريمر من كاركتر - C801 |  |  - مهووس العطور,,,,,,نعم,,,,,,,,,,,,,
منتج,باليت تحديد الوجه من كاركتر 15 لون DDC00 15,العطور,,باليت تحديد الوجه من كاركتر 15 لون DDC00 15,منتج جاهز,,,نعم,,,,,,,,,0.5,kg, | ,باليت تحديد الوجه من كاركتر 15 لون DDC00 15 |  |  - مهووس العطور,,,,,,نعم,,,,,,,,,,,,,
منتج,ماسكارا لاش بوستر من CHARACTER,العطور,,ماسكارا لاش بوستر من CHARACTER,منتج جاهز,,,نعم,,,,,,,,,0.5,kg, | ,ماسكارا لاش بوستر من CHARACTER |  |  - مهووس العطور,,,,,,نعم,,,,,,,,,,,,,
منتج,كونسيلر HD كفريج من كاركتر,العطور,,كونسيلر HD كفريج من كاركتر,منتج جاهز,,,نعم,,,,,,,,,0.5,kg, | ,كونسيلر HD كفريج من كاركتر |  |  - مهووس العطور,,,,,,نعم,,,,,,,,,,,,,
منتج,هايلايتر روك ستار من كاركتر,العطور,,هايلايتر روك ستار من كاركتر,منتج جاهز,,,نعم,,,,,,,,,0.5,kg, | ,هايلايتر روك ستار من كاركتر |  |  - مهووس العطور,,,,,,نعم,,,,,,,,,,,,,
منتج,كونسيلر ميني كين من كاركتر,العطور,,كونسيلر ميني كين من كاركتر,منتج جاهز,,,نعم,,,,,,,,,0.5,kg, | ,كونسيلر ميني كين من كاركتر |  |  - مهووس العطور,,,,,,نعم,,,,,,,,,,,,,
منتج,منظف عميق من فوريفر52-DCP001,العطور,,منظف عميق من فوريفر52-DCP001,منتج جاهز,,,نعم,,,,,,,,,0.5,kg, | ,منظف عميق من فوريفر52-DCP001 |  |  - مهووس العطور,,,,,,نعم,,,,,,,,,,,,,
منتج,باليت تحديد الشفاه من كاركتر DDL001 15,العطور,,باليت تحديد الشفاه من كاركتر DDL001 15,منتج جاهز,,,نعم,,,,,,,,,0.5,kg, | ,باليت تحديد الشفاه من كاركتر DDL001 15 |  |  - مهووس العطور,,,,,,نعم,,,,,,,,,,,,,
منتج,جل الكالسيوم المغذي للأظافر من كاركتر CNI002,العطور,,جل الكالسيوم المغذي للأظافر من كاركتر CNI002,منتج جاهز,,,نعم,,,,,,,,,0.5,kg, | ,جل الكالسيوم المغذي للأظافر من كاركتر CNI002 |  |  - مهووس العطور,,,,,,نعم,,,,,,,,,,,,,
منتج,كونسيلر تغطية كاملة من فوريفر52,العطور,,كونسيلر تغطية كاملة من فوريفر52,منتج جاهز,,,نعم,,,,,,,,,0.5,kg, | ,كونسيلر تغطية كاملة من فوريفر52 |  |  - مهووس العطور,,,,,,نعم,,,,,,,,,,,,,
منتج,حقيبة فرش مكياج فائقة النعومة 12قطعة من فورايفر52,العطور,,حقيبة فرش مكياج فائقة النعومة 12قطعة من فورايفر52,منتج جاهز,,,نعم,,,,,,,,,0.5,kg, | ,حقيبة فرش مكياج فائقة النعومة 12قطعة من فورايفر52 |  |  - مهووس العطور,,,,,,نعم,,,,,,,,,,,,,
منتج,بودرة اضاءة صن كيسد ايلومنتر من فوريفر52,العطور,,بودرة اضاءة صن كيسد ايلومنتر من فوريفر52,منتج جاهز,,,نعم,,,,,,,,,0.5,kg, | ,بودرة اضاءة صن كيسد ايلومنتر من فوريفر52 |  |  - مهووس العطور,,,,,,نعم,,,,,,,,,,,,,
منتج,بودره سائبة لامع من فوريفر52,العطور,,بودره سائبة لامع من فوريفر52,منتج جاهز,,,نعم,,,,,,,,,0.5,kg, | ,بودره سائبة لامع من فوريفر52 |  |  - مهووس العطور,,,,,,نعم,,,,,,,,,,,,,
منتج,بخاخ مثبت المكياج من فوريفر52- FZ101,العطور,,بخاخ مثبت المكياج من فوريفر52- FZ101,منتج جاهز,,,نعم,,,,,,,,,0.5,kg, | ,بخاخ مثبت المكياج من فوريفر52- FZ101 |  |  - مهووس العطور,,,,,,نعم,,,,,,,,,,,,,
منتج,بودره سائبة مطفي من فوريفر52,العطور,,بودره سائبة مطفي من فوريفر52,منتج جاهز,,,نعم,,,,,,,,,0.5,kg, | ,بودره سائبة مطفي من فوريفر52 |  |  - مهووس العطور,,,,,,نعم,,,,,,,,,,,,,
منتج,كونسيلر سينسيشنال سائل من فورايفر52,العطور,,كونسيلر سينسيشنال سائل من فورايفر52,منتج جاهز,,,نعم,,,,,,,,,0.5,kg, | ,كونسيلر سينسيشنال سائل من فورايفر52 |  |  - مهووس العطور,,,,,,نعم,,,,,,,,,,,,,
منتج,قلم حواجب من فوايفر52,العطور,,قلم حواجب من فوايفر52,منتج جاهز,,,نعم,,,,,,,,,0.5,kg, | ,قلم حواجب من فوايفر52 |  |  - مهووس العطور,,,,,,نعم,,,,,,,,,,,,,
منتج,مايكب بوستر من فوريفر52-BST001,العطور,,مايكب بوستر من فوريفر52-BST001,منتج جاهز,,,نعم,,,,,,,,,0.5,kg, | ,مايكب بوستر من فوريفر52-BST001 |  |  - مهووس العطور,,,,,,نعم,,,,,,,,,,,,,
منتج,سيول كريم للعناية بمنطقة تحت العين بالريتينال من كي سكريت - 30 مل,العطور,,سيول كريم للعناية بمنطقة تحت العين بالريتينال من كي سكريت - 30 مل,منتج جاهز,,,نعم,,,,,,,,,0.5,kg, | ,سيول كريم للعناية بمنطقة تحت العين بالريتينال من كي سكريت - 30 مل |  |  - مهووس العطور,,,,,,نعم,,,,,,,,,,,,,
منتج,عينة عطر بينجوين بوهيم من ديبتيك,العطور,,عينة عطر بينجوين بوهيم من ديبتيك,منتج جاهز,,,نعم,,,,,,,,,0.5,kg, | ,عينة عطر بينجوين بوهيم من ديبتيك |  |  - مهووس العطور,,,,,,نعم,,,,,,,,,,,,,
منتج,عطر ألور أوم إديشن بلانش من شانيل أو دو بارفان,العطور,,عطر ألور أوم إديشن بلانش من شانيل أو دو بارفان,منتج جاهز,,,نعم,,,,,,,,,0.5,kg, | ,عطر ألور أوم إديشن بلانش من شانيل أو دو بارفان |  |  - مهووس العطور,,,,,,نعم,,,,,,,,,,,,,
منتج,عينة عطر مس ديور ايسنس من ديور دي برفيوم,العطور,,عينة عطر مس ديور ايسنس من ديور دي برفيوم,منتج جاهز,,,نعم,,,,,,,,,0.5,kg, | ,عينة عطر مس ديور ايسنس من ديور دي برفيوم |  |  - مهووس العطور,,,,,,نعم,,,,,,,,,,,,,
منتج,عطر شانس أو فرايش من شانيل أو دو بارفان,العطور,,عطر شانس أو فرايش من شانيل أو دو بارفان,منتج جاهز,,,نعم,,,,,,,,,0.5,kg, | ,عطر شانس أو فرايش من شانيل أو دو بارفان |  |  - مهووس العطور,,,,,,نعم,,,,,,,,,,,,,
منتج,مجموعة دولتشي آند غابانا ذا اونلي ون او دي برفيوم 100مل + عينة 10مل + عينة 5مل,العطور,,مجموعة دولتشي آند غابانا ذا اونلي ون او دي برفيوم 100مل + عينة 10مل + عينة 5مل,منتج جاهز,,,نعم,,,,,,,,,0.5,kg, | ,مجموعة دولتشي آند غابانا ذا اونلي ون او دي برفيوم 100مل + عينة 10مل + عينة 5مل |  |  - مهووس العطور,,,,,,نعم,,,,,,,,,,,,,
منتج,عطر ايدول باور لو دي بارفان انتينس 25 مل,العطور,,عطر ايدول باور لو دي بارفان انتينس 25 مل,منتج جاهز,,,نعم,,,,,,,,,0.5,kg, | ,عطر ايدول باور لو دي بارفان انتينس 25 مل |  |  - مهووس العطور,,,,,,نعم,,,,,,,,,,,,,
منتج,مجموعة بخور عيد عساف - 340 مل,العطور,,مجموعة بخور عيد عساف - 340 مل,منتج جاهز,,,نعم,,,,,,,,,0.5,kg, | ,مجموعة بخور عيد عساف - 340 مل |  |  - مهووس العطور,,,,,,نعم,,,,,,,,,,,,,
منتج,ريبل انيبل - المتمرد من عساف 150مل,العطور,,ريبل انيبل - المتمرد من عساف 150مل,منتج جاهز,,,نعم,,,,,,,,,0.5,kg, | ,ريبل انيبل - المتمرد من عساف 150مل |  |  - مهووس العطور,,,,,,نعم,,,,,,,,,,,,,
منتج,عينة إيسي مياكي نيكتار دي إيسي آيغو أو دو بارفان 20 مل للنساء,العطور,,عينة إيسي مياكي نيكتار دي إيسي آيغو أو دو بارفان 20 مل للنساء,منتج جاهز,,,نعم,,,,,,,,,0.5,kg, | ,عينة إيسي مياكي نيكتار دي إيسي آيغو أو دو بارفان 20 مل للنساء |  |  - مهووس العطور,,,,,,نعم,,,,,,,,,,,,,
منتج,مجموعة دولتشي آند غابانا ذا اونلي ون او دي برفيوم 100مل + عينة 10مل + عينة 5مل,العطور,,مجموعة دولتشي آند غابانا ذا اونلي ون او دي برفيوم 100مل + عينة 10مل + عينة 5مل,منتج جاهز,,,نعم,,,,,,,,,0.5,kg, | ,مجموعة دولتشي آند غابانا ذا اونلي ون او دي برفيوم 100مل + عينة 10مل + عينة 5مل |  |  - مهووس العطور,,,,,,نعم,,,,,,,,,,,,,
منتج,عطر ايدول باور لو دي بارفان انتينس 25 مل,العطور,,عطر ايدول باور لو دي بارفان انتينس 25 مل,منتج جاهز,,,نعم,,,,,,,,,0.5,kg, | ,عطر ايدول باور لو دي بارفان انتينس 25 مل |  |  - مهووس العطور,,,,,,نعم,,,,,,,,,,,,,
منتج,مجموعة بخور عيد عساف - 340 مل,العطور,,مجموعة بخور عيد عساف - 340 مل,منتج جاهز,,,نعم,,,,,,,,,0.5,kg, | ,مجموعة بخور عيد عساف - 340 مل |  |  - مهووس العطور,,,,,,نعم,,,,,,,,,,,,,
منتج,"طقم ""كوستوم ناشيونال سينت إنتنس"" أو دو بارفان – للرجال",العطور,,"طقم ""كوستوم ناشيونال سينت إنتنس"" أو دو بارفان – للرجال",منتج جاهز,,,نعم,,,,,,,,,0.5,kg, | ,"طقم ""كوستوم ناشيونال سينت إنتنس"" أو دو بارفان – للرجال |  |  - مهووس العطور",,,,,,نعم,,,,,,,,,,,,,
منتج,ذا فراجرانس كيتشن 28 ريمكس 100مل,العطور,,ذا فراجرانس كيتشن 28 ريمكس 100مل,منتج جاهز,,,نعم,,,,,,,,,0.5,kg, | ,ذا فراجرانس كيتشن 28 ريمكس 100مل |  |  - مهووس العطور,,,,,,نعم,,,,,,,,,,,,,
منتج,عطر شيفاز بني SHIFAZ 100ML,العطور,,عطر شيفاز بني SHIFAZ 100ML,منتج جاهز,,,نعم,,,,,,,,,0.5,kg, | ,عطر شيفاز بني SHIFAZ 100ML |  |  - مهووس العطور,,,,,,نعم,,,,,,,,,,,,,
منتج,حقيبة مكياج برادا (خضراء),العطور,,حقيبة مكياج برادا (خضراء),منتج جاهز,,,نعم,,,,,,,,,0.5,kg, | ,حقيبة مكياج برادا (خضراء) |  |  - مهووس العطور,,,,,,نعم,,,,,,,,,,,,,
منتج,عينة عطر وون امبيرلا فور تو 10مل من فلورايكيو,العطور,,عينة عطر وون امبيرلا فور تو 10مل من فلورايكيو,منتج جاهز,,,نعم,,,,,,,,,0.5,kg, | ,عينة عطر وون امبيرلا فور تو 10مل من فلورايكيو |  |  - مهووس العطور,,,,,,نعم,,,,,,,,,,,,,
منتج,عينة ثمين بلود اس لوف 10مل,العطور,,عينة ثمين بلود اس لوف 10مل,منتج جاهز,,,نعم,,,,,,,,,0.5,kg, | ,عينة ثمين بلود اس لوف 10مل |  |  - مهووس العطور,,,,,,نعم,,,,,,,,,,,,,
منتج,عطر افنان 9بي ان 9PM NIGHT OUT,العطور,,عطر افنان 9بي ان 9PM NIGHT OUT,منتج جاهز,,,نعم,,,,,,,,,0.5,kg, | ,عطر افنان 9بي ان 9PM NIGHT OUT |  |  - مهووس العطور,,,,,,نعم,,,,,,,,,,,,,
منتج,عطر مس قريس عساف,العطور,,عطر مس قريس عساف,منتج جاهز,,,نعم,,,,,,,,,0.5,kg, | ,عطر مس قريس عساف |  |  - مهووس العطور,,,,,,نعم,,,,,,,,,,,,,
منتج,La Colle Noire Leite Hidratante مرطب اليدين والجسم 350ml,العطور,,La Colle Noire Leite Hidratante مرطب اليدين والجسم 350ml,منتج جاهز,,,نعم,,,,,,,,,0.5,kg, | ,La Colle Noire Leite Hidratante مرطب اليدين والجسم 350ml |  |  - مهووس العطور,,,,,,نعم,,,,,,,,,,,,,
منتج,Eden-Roc Leite Hidratante مرطب اليدين والجسم 350ml,العطور,,Eden-Roc Leite Hidratante مرطب اليدين والجسم 350ml,منتج جاهز,,,نعم,,,,,,,,,0.5,kg, | ,Eden-Roc Leite Hidratante مرطب اليدين والجسم 350ml |  |  - مهووس العطور,,,,,,نعم,,,,,,,,,,,,,
منتج,شمعة كريستيان ديور إيدن روك 250 جرام,العطور,,شمعة كريستيان ديور إيدن روك 250 جرام,منتج جاهز,,,نعم,,,,,,,,,0.5,kg, | ,شمعة كريستيان ديور إيدن روك 250 جرام |  |  - مهووس العطور,,,,,,نعم,,,,,,,,,,,,,
منتج,شمعة كريستيان ديور فيج ميديتيراني 250 جرام,العطور,,شمعة كريستيان ديور فيج ميديتيراني 250 جرام,منتج جاهز,,,نعم,,,,,,,,,0.5,kg, | ,شمعة كريستيان ديور فيج ميديتيراني 250 جرام |  |  - مهووس العطور,,,,,,نعم,,,,,,,,,,,,,
منتج,Sakura Leite Hidratante مرطب اليدين والجسم 350ml,العطور,,Sakura Leite Hidratante مرطب اليدين والجسم 350ml,منتج جاهز,,,نعم,,,,,,,,,0.5,kg, | ,Sakura Leite Hidratante مرطب اليدين والجسم 350ml |  |  - مهووس العطور,,,,,,نعم,,,,,,,,,,,,,
منتج,شمعة كريستيان ديور بوا دارجنت 250 جرام,العطور,,شمعة كريستيان ديور بوا دارجنت 250 جرام,منتج جاهز,,,نعم,,,,,,,,,0.5,kg, | ,شمعة كريستيان ديور بوا دارجنت 250 جرام |  |  - مهووس العطور,,,,,,نعم,,,,,,,,,,,,,
منتج,عطر بيري اليس 360 النسائي الابيض تواليت 150مل,العطور,,عطر بيري اليس 360 النسائي الابيض تواليت 150مل,منتج جاهز,,,نعم,,,,,,,,,0.5,kg, | ,عطر بيري اليس 360 النسائي الابيض تواليت 150مل |  |  - مهووس العطور,,,,,,نعم,,,,,,,,,,,,,
منتج,ثمين مجموعة هدايا عطر بيريجرينا او دو برفيوم (50 + 100) مل,العطور,,ثمين مجموعة هدايا عطر بيريجرينا او دو برفيوم (50 + 100) مل,منتج جاهز,,,نعم,,,,,,,,,0.5,kg, | ,ثمين مجموعة هدايا عطر بيريجرينا او دو برفيوم (50 + 100) مل |  |  - مهووس العطور,,,,,,نعم,,,,,,,,,,,,,
منتج,طقم هدية ثمين ريفيير إكسترايت دي برفيوم (50 + 100) مل,العطور,,طقم هدية ثمين ريفيير إكسترايت دي برفيوم (50 + 100) مل,منتج جاهز,,,نعم,,,,,,,,,0.5,kg, | ,طقم هدية ثمين ريفيير إكسترايت دي برفيوم (50 + 100) مل |  |  - مهووس العطور,,,,,,نعم,,,,,,,,,,,,,
منتج,تستر غوتشي غيلتي ابسولو دي بارفيوم نسائي 60مل,العطور,,تستر غوتشي غيلتي ابسولو دي بارفيوم نسائي 60مل,منتج جاهز,,,نعم,,,,,,,,,0.5,kg, | ,تستر غوتشي غيلتي ابسولو دي بارفيوم نسائي 60مل |  |  - مهووس العطور,,,,,,نعم,,,,,,,,,,,,,
منتج,عطر إكس نيهيلو عنبر سكاي 100 مل Amber Sky Ex Nihilo,العطور,,عطر إكس نيهيلو عنبر سكاي 100 مل Amber Sky Ex Nihilo,منتج جاهز,,,نعم,,,,,,,,,0.5,kg, | ,عطر إكس نيهيلو عنبر سكاي 100 مل Amber Sky Ex Nihilo |  |  - مهووس العطور,,,,,,نعم,,,,,,,,,,,,,
منتج,عطر آيلاند لش أو دو بارفيوم من جولدفيلد آند بانكس 100 مل | Island Lush Eau de Parfum by Goldfield & Banks 100ml,العطور,,عطر آيلاند لش أو دو بارفيوم من جولدفيلد آند بانكس 100 مل | Island Lush Eau de Parfum by Goldfield & Banks 100ml,منتج جاهز,,,نعم,,,,,,,,,0.5,kg, | ,عطر آيلاند لش أو دو بارفيوم من جولدفيلد آند بانكس 100 مل | Island Lush Eau de Parfum by Goldfield & Banks 100ml |  |  - مهووس العطور,,,,,,نعم,,,,,,,,,,,,,
منتج,عطر Jasmin Satin 50ml EDP,العطور,,عطر Jasmin Satin 50ml EDP,منتج جاهز,,,نعم,,,,,,,,,0.5,kg, | ,عطر Jasmin Satin 50ml EDP |  |  - مهووس العطور,,,,,,نعم,,,,,,,,,,,,,
منتج,طقم هدايا عطر ثمين ذا كورا، 2 × 50 مل,العطور,,طقم هدايا عطر ثمين ذا كورا، 2 × 50 مل,منتج جاهز,,,نعم,,,,,,,,,0.5,kg, | ,طقم هدايا عطر ثمين ذا كورا، 2 × 50 مل |  |  - مهووس العطور,,,,,,نعم,,,,,,,,,,,,,
منتج,عطر جيفنشي جنتلمن أونلي إنتنس للرجال، ماء تواليت 150 مل,العطور,,عطر جيفنشي جنتلمن أونلي إنتنس للرجال، ماء تواليت 150 مل,منتج جاهز,,,نعم,,,,,,,,,0.5,kg, | ,عطر جيفنشي جنتلمن أونلي إنتنس للرجال، ماء تواليت 150 مل |  |  - مهووس العطور,,,,,,نعم,,,,,,,,,,,,,
منتج,عطر أو دو تواليت بخاخ 50 مل عطر أو دو تواليت بخاخ للحقيبة 10 مل,العطور,,عطر أو دو تواليت بخاخ 50 مل عطر أو دو تواليت بخاخ للحقيبة 10 مل,منتج جاهز,,,نعم,,,,,,,,,0.5,kg, | ,عطر أو دو تواليت بخاخ 50 مل عطر أو دو تواليت بخاخ للحقيبة 10 مل |  |  - مهووس العطور,,,,,,نعم,,,,,,,,,,,,,
منتج,مجموعة ذا نيفر اناف بي كيليان Good Girl Gone Bad by Kilian Full Range Set,العطور,,مجموعة ذا نيفر اناف بي كيليان Good Girl Gone Bad by Kilian Full Range Set,منتج جاهز,,,نعم,,,,,,,,,0.5,kg, | ,مجموعة ذا نيفر اناف بي كيليان Good Girl Gone Bad by Kilian Full Range Set |  |  - مهووس العطور,,,,,,نعم,,,,,,,,,,,,,
منتج,عطر شعر الوعد من فريدريك مال 50مل | Promise Hair Mist by Frédéric Malle 50ml,العطور,,عطر شعر الوعد من فريدريك مال 50مل | Promise Hair Mist by Frédéric Malle 50ml,منتج جاهز,,,نعم,,,,,,,,,0.5,kg, | ,عطر شعر الوعد من فريدريك مال 50مل | Promise Hair Mist by Frédéric Malle 50ml |  |  - مهووس العطور,,,,,,نعم,,,,,,,,,,,,,
منتج,فرانك أوليفر بودرة الجسم الفاخرة برائحه المسك (200 جم),العطور,,فرانك أوليفر بودرة الجسم الفاخرة برائحه المسك (200 جم),منتج جاهز,,,نعم,,,,,,,,,0.5,kg, | ,فرانك أوليفر بودرة الجسم الفاخرة برائحه المسك (200 جم) |  |  - مهووس العطور,,,,,,نعم,,,,,,,,,,,,,
منتج,مجموعة أكوا دي بارما بلو ميديتيرانيو أرانسيا دي كابري 75 مل,العطور,,مجموعة أكوا دي بارما بلو ميديتيرانيو أرانسيا دي كابري 75 مل,منتج جاهز,,,نعم,,,,,,,,,0.5,kg, | ,مجموعة أكوا دي بارما بلو ميديتيرانيو أرانسيا دي كابري 75 مل |  |  - مهووس العطور,,,,,,نعم,,,,,,,,,,,,,
منتج,"عطر ايليت مودال اتيتيود من بيرفيومز ايليت للنساء - او دى تواليت, 20مل - Parfums Elite",العطور,,"عطر ايليت مودال اتيتيود من بيرفيومز ايليت للنساء - او دى تواليت, 20مل - Parfums Elite",منتج جاهز,,,نعم,,,,,,,,,0.5,kg, | ,"عطر ايليت مودال اتيتيود من بيرفيومز ايليت للنساء - او دى تواليت, 20مل - Parfums Elite |  |  - مهووس العطور",,,,,,نعم,,,,,,,,,,,,,
منتج,مزيل عرق ديور هوم / كريستيان ديور ستيك الكحول...,العطور,,مزيل عرق ديور هوم / كريستيان ديور ستيك الكحول...,منتج جاهز,,,نعم,,,,,,,,,0.5,kg, | ,مزيل عرق ديور هوم / كريستيان ديور ستيك الكحول... |  |  - مهووس العطور,,,,,,نعم,,,,,,,,,,,,,
منتج,بخاخ مزيل العرق سوفاج 150 مل,العطور,,بخاخ مزيل العرق سوفاج 150 مل,منتج جاهز,,,نعم,,,,,,,,,0.5,kg, | ,بخاخ مزيل العرق سوفاج 150 مل |  |  - مهووس العطور,,,,,,نعم,,,,,,,,,,,,,
منتج,4711 عطر ريمكس كولون لافندر او دو كولون للجنسين - Hnak,العطور,,4711 عطر ريمكس كولون لافندر او دو كولون للجنسين - Hnak,منتج جاهز,,,نعم,,,,,,,,,0.5,kg, | ,4711 عطر ريمكس كولون لافندر او دو كولون للجنسين - Hnak |  |  - مهووس العطور,,,,,,نعم,,,,,,,,,,,,,
منتج,4711 REMIX C ZITRONE EDC NS 100 ML,العطور,,4711 REMIX C ZITRONE EDC NS 100 ML,منتج جاهز,,,نعم,,,,,,,,,0.5,kg, | ,4711 REMIX C ZITRONE EDC NS 100 ML |  |  - مهووس العطور,,,,,,نعم,,,,,,,,,,,,,
منتج,كايلي رذاذ الشعر أودجازم روز عود 75مل,العطور,,كايلي رذاذ الشعر أودجازم روز عود 75مل,منتج جاهز,,,نعم,,,,,,,,,0.5,kg, | ,كايلي رذاذ الشعر أودجازم روز عود 75مل |  |  - مهووس العطور,,,,,,نعم,,,,,,,,,,,,,
منتج,عينة عطر سان لوران واي لي بارفيوم 10مل,العطور,,عينة عطر سان لوران واي لي بارفيوم 10مل,منتج جاهز,,,نعم,,,,,,,,,0.5,kg, | ,عينة عطر سان لوران واي لي بارفيوم 10مل |  |  - مهووس العطور,,,,,,نعم,,,,,,,,,,,,,
منتج,مرآة مستحضرات التجميل الفاخرة من دولتشي آند غابانا بيوتي باللون الذهبي 7 × 7 × 1.3 سم,العطور,,مرآة مستحضرات التجميل الفاخرة من دولتشي آند غابانا بيوتي باللون الذهبي 7 × 7 × 1.3 سم,منتج جاهز,,,نعم,,,,,,,,,0.5,kg, | ,مرآة مستحضرات التجميل الفاخرة من دولتشي آند غابانا بيوتي باللون الذهبي 7 × 7 × 1.3 سم |  |  - مهووس العطور,,,,,,نعم,,,,,,,,,,,,,
منتج,عطر إسينشال بارفانز بوا إمبريال للشعر والجسم ١٠٠ مل,العطور,,عطر إسينشال بارفانز بوا إمبريال للشعر والجسم ١٠٠ مل,منتج جاهز,,,نعم,,,,,,,,,0.5,kg, | ,عطر إسينشال بارفانز بوا إمبريال للشعر والجسم ١٠٠ مل |  |  - مهووس العطور,,,,,,نعم,,,,,,,,,,,,,
منتج,أنجيل أو دو ستار 25 مل أو دي تواليت,العطور,,أنجيل أو دو ستار 25 مل أو دي تواليت,منتج جاهز,,,نعم,,,,,,,,,0.5,kg, | ,أنجيل أو دو ستار 25 مل أو دي تواليت |  |  - مهووس العطور,,,,,,نعم,,,,,,,,,,,,,
منتج,عطر كارتير عود اند عود بارفيوم 45مل,العطور,,عطر كارتير عود اند عود بارفيوم 45مل,منتج جاهز,,,نعم,,,,,,,,,0.5,kg, | ,عطر كارتير عود اند عود بارفيوم 45مل |  |  - مهووس العطور,,,,,,نعم,,,,,,,,,,,,,
منتج,بودرة الجسم من لورينزو فيلوريسي تينت دي نياج 200جرام,العطور,,بودرة الجسم من لورينزو فيلوريسي تينت دي نياج 200جرام,منتج جاهز,,,نعم,,,,,,,,,0.5,kg, | ,بودرة الجسم من لورينزو فيلوريسي تينت دي نياج 200جرام |  |  - مهووس العطور,,,,,,نعم,,,,,,,,,,,,,
منتج,تستر عطر كارتير عود اند عنبر بارفيوم 45مل,العطور,,تستر عطر كارتير عود اند عنبر بارفيوم 45مل,منتج جاهز,,,نعم,,,,,,,,,0.5,kg, | ,تستر عطر كارتير عود اند عنبر بارفيوم 45مل |  |  - مهووس العطور,,,,,,نعم,,,,,,,,,,,,,
منتج,مجموعة عطر جيفنشي جنتلمان سوسايتي أو دو بارفيوم 60 مل + جل استحمام 75 مل,العطور,,مجموعة عطر جيفنشي جنتلمان سوسايتي أو دو بارفيوم 60 مل + جل استحمام 75 مل,منتج جاهز,,,نعم,,,,,,,,,0.5,kg, | ,مجموعة عطر جيفنشي جنتلمان سوسايتي أو دو بارفيوم 60 مل + جل استحمام 75 مل |  |  - مهووس العطور,,,,,,نعم,,,,,,,,,,,,,
منتج,طقم جان بول غولتير كوكوريكو او دو تواليت (عطر 50مل + شاور جل 100مل),العطور,,طقم جان بول غولتير كوكوريكو او دو تواليت (عطر 50مل + شاور جل 100مل),منتج جاهز,,,نعم,,,,,,,,,0.5,kg, | ,طقم جان بول غولتير كوكوريكو او دو تواليت (عطر 50مل + شاور جل 100مل) |  |  - مهووس العطور,,,,,,نعم,,,,,,,,,,,,,
منتج,عطر هوبيجانت داك دي فيرفينس تواليت رجالي 120مل,العطور,,عطر هوبيجانت داك دي فيرفينس تواليت رجالي 120مل,منتج جاهز,,,نعم,,,,,,,,,0.5,kg, | ,عطر هوبيجانت داك دي فيرفينس تواليت رجالي 120مل |  |  - مهووس العطور,,,,,,نعم,,,,,,,,,,,,,
منتج,كارل لاغرفيلد برايفت كلوب او دو برفيوم 85 مل,العطور,,كارل لاغرفيلد برايفت كلوب او دو برفيوم 85 مل,منتج جاهز,,,نعم,,,,,,,,,0.5,kg, | ,كارل لاغرفيلد برايفت كلوب او دو برفيوم 85 مل |  |  - مهووس العطور,,,,,,نعم,,,,,,,,,,,,,
منتج,بورتريال سلفر اوديو بارفيوم 65 مل,العطور,,بورتريال سلفر اوديو بارفيوم 65 مل,منتج جاهز,,,نعم,,,,,,,,,0.5,kg, | ,بورتريال سلفر اوديو بارفيوم 65 مل |  |  - مهووس العطور,,,,,,نعم,,,,,,,,,,,,,
